Gemeinde;Preise2023
Aadorf ;31,63
Aadorf ;23,4
Aarau ;27,2
Aarberg ;52,23
Aarburg ;28,38
Aarwangen ;23,22
Abtwil ;23,68
Aclens ;32,26
Acquarossa ;29,24
Adelboden ;36,78
Adligenswil ;28,85
Adlikon ;21,88
Adliswil ;21,88
Aedermannsdorf ;31,47
Aefligen ;32,38
Aegerten ;51,53
Aesch (BL) ;31,31
Aesch (LU) ;28,85
Aesch (ZH) ;21,88
Aeschi (SO) ;25,1
Aeschi bei Spiez ;25,5
Aeugst am Albis ;21,88
Affeltrangen ;20,64
Affoltern am Albis ;21,88
Affoltern im Emmental ;25,5
Agarn ;22,75
Agiez ;32,26
Agno ;28,52
Aigle ;32,86
Aire-la-Ville ;24,22
Airolo ;22,9
Alberswil ;28,85
Albinen ;22,75
Albula/Alvra ;20,58
Alchenstorf ;25,5
Allaman ;39,93
Alle ;25,5
Allmendingen ;25,5
Allschwil ;31,31
Alpnach ;29,77
Alpthal ;40,39
Altbüron ;28,85
Altdorf (UR) ;30,66
Altendorf ;37
Altikon ;21,88
Altishofen ;28,85
Altnau ;22,31
Alto Malcantone ;28,52
Altstätten ;28,28
Amden ;27,32
Amlikon-Bissegg ;25,37
Ammerswil ;25,13
Amriswil ;36,49
Amsoldingen ;25,5
Andeer ;12,51
Andelfingen ;12,8
Andermatt ;36,61
Andwil (SG) ;45,02
Anières ;24,22
Anniviers ;30,8
Anwil ;25,65
Appenzell ;26,29
Aranno ;28,52
Arbaz ;30,8
Arbedo-Castione ;21,9
Arboldswil ;25,65
Arbon ;24,86
Arch ;38,1
Ardon ;27,45
Arisdorf ;25,65
Aristau ;18,51
Arlesheim ;31,31
Arnex-sur-Nyon ;31,56
Arnex-sur-Orbe ;32,26
Arni (AG) ;18,06
Arni (BE) ;23,84
Arogno ;28,52
Arosa ;24,97
Arth ;31,02
Arzier-Le Muids ;32,26
Ascona ;25,77
Assens ;32,26
Astano ;28,52
Attalens ;25,35
Attinghausen ;30,66
Attiswil ;25,5
Au (SG) ;29,09
Aubonne ;39,93
Auboranges ;25,35
Auenstein ;25,13
Augst ;25,31
Ausserberg ;24,69
Auswil ;25,5
Autigny ;25,35
Auw ;37,68
Avegno Gordevio ;29,24
Avenches ;26,25
Avers ;13,01
Avry ;25,35
Avully ;24,22
Avusy ;24,22
Ayent ;30,8
Baar ;33,16
Baar ;29,27
Bachenbülach ;21,88
Bachs ;21,88
Bad Ragaz ;27,32
Baden ;25,84
Balerna ;25,43
Balgach ;36,07
Ballaigues ;30,43
Ballens ;32,26
Ballwil ;28,85
Balm bei Günsberg ;25,1
Balsthal ;31,95
Baltschieder ;24,69
Bannwil ;25,5
Bardonnex ;24,22
Bäretswil ;21,88
Bargen (BE) ;26,09
Bargen (SH) ;24,4
Bäriswil ;32,39
Bärschwil ;31,31
Bas-Intyamon ;25,35
Basadingen-Schlattingen ;23,62
Basel ;31,73
Basse-Allaine ;25,5
Bassersdorf ;21,88
Bassins ;31,56
Bätterkinden ;25,5
Bätterkinden ;31,49
Bättwil ;31,31
Baulmes ;32,26
Bauma ;21,88
Bavois ;32,26
Beatenberg ;25,5
Beckenried ;21,53
Bedano ;28,52
Bedigliora ;28,52
Bedretto ;24,37
Beggingen ;24,4
Begnins ;32,66
Begnins ;26,38
Beinwil (Freiamt) ;18,22
Beinwil (SO) ;31,31
Beinwil am See ;21,46
Belfaux ;25,35
Bellach ;25,1
Bellevue ;24,22
Bellikon ;26,3
Bellinzona ;21,9
Bellmund ;38,75
Bellwald ;28,75
Belmont-Broye ;25,35
Belmont-sur-Lausanne ;34,28
Belmont-sur-Yverdon ;31,56
Belp ;37,83
Belprahon ;25,5
Benken (SG) ;26,59
Benken (ZH) ;23,69
Bennwil ;25,65
Bercher ;32,31
Berg (SG) ;45,03
Berg (TG) ;23,4
Berg am Irchel ;21,88
Bergdietikon ;25,13
Bergün Filisur ;30,46
Berikon ;21,28
Beringen ;24,4
Berken ;24
Berlingen ;22,84
Bern ;25,46
Berneck ;27,76
Bernex ;24,22
Berolle ;32,26
Beromünster ;28,85
Besenbüren ;25,61
Bettenhausen ;25,5
Bettens ;31,76
Bettingen ;31,73
Bettlach ;25,1
Bettmeralp ;28,75
Bettwiesen ;23,58
Bettwil ;48,09
Beurnevésin ;25,5
Bever ;28,06
Bex ;32,99
Biasca ;29,24
Biberist ;25
Biberist ;28,54
Biberstein ;27,2
Bichelsee-Balterswil ;27,05
Biel-Benken ;31,31
Biel/Bienne ;31,88
Bière ;39,93
Bière ;32,26
Biezwil ;44,95
Biglen ;20,07
Billens-Hennens ;25,35
Binn ;20,73
Binn ;19,83
Binningen ;31,31
Bioggio ;28,52
Bioley-Magnoux ;32,26
Birmensdorf (ZH) ;21,88
Birmenstorf (AG) ;23,53
Birr ;24,54
Birrhard ;25,13
Birrwil ;20,96
Birsfelden ;31,31
Birwinken ;21,73
Bischofszell ;34,62
Bissone ;28,52
Bister ;28,75
Bitsch ;28,75
Blatten ;25,73
Blauen ;25,5
Bleienbach ;25,5
Blenio ;29,24
Blonay - Saint-Légier ;32,26
Blumenstein ;51,24
Böckten ;25,65
Bodio ;29,24
Boécourt ;25,5
Bofflens ;32,26
Bogis-Bossey ;32,26
Bois-d'Amont ;25,35
Bolken ;25,1
Bolligen ;25,5
Boltigen ;25,5
Bonaduz ;28,47
Boncourt ;24
Bonfol ;25,5
Bönigen ;25,5
Boningen ;26,02
Boniswil ;25,13
Bonstetten ;21,88
Bonvillars ;32,26
Boppelsen ;21,88
Borex ;32,26
Bosco/Gurin ;29,24
Bösingen ;25,35
Bossonnens ;25,35
Boswil ;24,96
Bottens ;32,26
Bottenwil ;27,2
Botterens ;28,62
Bottighofen ;23,31
Bottmingen ;31,31
Böttstein ;25,13
Böttstein ;29,41
Boudry ;33,33
Bougy-Villars ;39,23
Boulens ;31,56
Bourg-en-Lavaux ;32,26
Bourg-Saint-Pierre ;22,69
Bournens ;31,56
Bourrignon ;25,5
Boussens ;31,56
Bovernier ;31,31
Bowil ;25,5
Bözberg ;25,13
Böztal ;24,54
Böztal ;25,13
Braunau ;53,93
Bregaglia ;14,31
Breggia ;28,52
Breil/Brigels ;27,56
Breitenbach ;31,31
Bremblens ;31,56
Bremgarten (AG) ;25,13
Bremgarten (AG) ;19,51
Bremgarten bei Bern ;25,5
Brenzikofen ;25,5
Bretigny-sur-Morrens ;31,56
Bretonnières ;32,26
Bretzwil ;31,31
Brienz (BE) ;31,09
Brienzwiler ;34,96
Brig-Glis ;28,75
Brione sopra Minusio ;29,24
Brislach ;31,31
Brissago ;29,24
Brittnau ;25,13
Broc ;25,35
Brot-Plamboz ;26,75
Brugg ;24,54
Brügg ;36,32
Brunegg ;25,13
Brünisried ;25,35
Brusino Arsizio ;28,52
Brusio ;10,99
Brüttelen ;25,5
Brütten ;21,88
Bubendorf ;25,65
Bubikon ;21,88
Buch (SH) ;24,4
Buch am Irchel ;21,88
Buchberg ;24,4
Buchegg ;32,49
Buchegg ;45,95
Buchholterberg ;24,75
Buchholterberg ;38,55
Buchillon ;31,56
Buchrain ;28,85
Buchs (AG) ;27,2
Buchs (SG) ;30,81
Buchs (ZH) ;21,88
Buckten ;25,65
Büetigen ;36,03
Bühl ;25,5
Bühler ;26,72
Bülach ;21,88
Bulle ;27,99
Bullet ;32,26
Bünzen ;24,96
Buochs ;19,56
Bürchen ;24,69
Bure ;25,5
Büren (SO) ;31,31
Büren an der Aare ;33,7
Burg (AG) ;25,13
Burg im Leimental ;31,31
Burgdorf ;36,21
Burgistein ;25,5
Bürglen (TG) ;27,21
Bürglen (TG) ;21,68
Bürglen (UR) ;30,66
Büron ;28,85
Bursinel ;31,56
Bursins ;32,26
Burtigny ;32,26
Buseno ;22,15
Büsserach ;31,31
Bussigny ;32,96
Bussnang ;19,08
Busswil bei Melchnau ;25,5
Bussy-sur-Moudon ;31,56
Bütschwil-Ganterschwil ;32
Bütschwil-Ganterschwil ;26,72
Büttenhardt ;24,4
Büttikon ;18,71
Buttisholz ;28,85
Buttwil ;27,2
Buus ;25,65
Cademario ;28,52
Cadempino ;28,52
Cadenazzo ;21,9
Calanca ;31,03
Cama ;36,13
Campo (Vallemaggia) ;29,24
Canobbio ;28,52
Capriasca ;28,86
Carouge (GE) ;24,22
Cartigny ;24,22
Caslano ;28,52
Castaneda ;37,26
Castel San Pietro ;28,52
Cazis ;21,94
Celerina/Schlarigna ;30,57
Céligny ;30,94
Centovalli ;29,24
Cerentino ;29,24
Cevio ;29,24
Chalais ;30,8
Cham ;30,03
Chamblon ;32,26
Chamoson ;27,45
Champagne ;32,26
Champéry ;31,94
Champoz ;25,5
Champtauroz ;32,26
Champvent ;31,56
Chancy ;24,22
Chapelle (Glâne) ;25,35
Chardonne ;32,76
Château-d'Oex ;26,25
Châtel-Saint-Denis ;25,35
Châtel-sur-Montsalvens ;28,62
Châtillon (FR) ;25,35
Châtillon (JU) ;25,5
Châtonnaye ;25,35
Chavannes-de-Bogis ;32,26
Chavannes-des-Bois ;31,56
Chavannes-le-Chêne ;31,56
Chavannes-le-Veyron ;31,56
Chavannes-près-Renens ;37,25
Chavannes-sur-Moudon ;31,56
Chavornay ;32,26
Chêne-Bougeries ;24,22
Chêne-Bourg ;24,22
Chêne-Pâquier ;32,26
Chénens ;25,35
Cheseaux-Noréaz ;31,56
Cheseaux-sur-Lausanne ;32,51
Chéserex ;31,56
Chessel ;31,56
Chevilly ;32,26
Chevroux ;26,25
Chexbres ;32,26
Cheyres-Châbles ;25,35
Chiasso ;25,43
Chigny ;32,26
Chippis ;30,8
Choulex ;24,22
Chur ;25,3
Churwalden ;53,76
Clarmont ;31,56
Clos du Doubs ;25,5
Coeuve ;25,5
Coinsins ;25,98
Coldrerio ;28,52
Collex-Bossy ;24,22
Collina d'Oro ;28,52
Collombey-Muraz ;31,94
Collonge-Bellerive ;24,22
Collonges ;27,26
Cologny ;24,22
Comano ;28,52
Commugny ;31,56
Concise ;32,26
Confignon ;24,22
Conters im Prättigau ;26,56
Conthey ;30,8
Coppet ;32,26
Corbeyrier ;32,26
Corbières ;28,62
Corcelles (BE) ;25,5
Corcelles-le-Jorat ;31,56
Corcelles-près-Concise ;32,26
Corcelles-près-Payerne ;26,25
Corgémont ;25,5
Corminboeuf ;25,35
Cormoret ;25,84
Cornaux ;26,05
Cornol ;25,5
Corseaux ;32,26
Corsier (GE) ;24,22
Corsier-sur-Vevey ;32,46
Cortaillod ;33,33
Cortébert ;25,94
Cossonay ;32,56
Cottens (FR) ;25,35
Courchapoix ;31,73
Courchavon ;25,5
Courgenay ;25,5
Courgevaux ;25,35
Courrendlin ;25,5
Courroux ;25,5
Court ;25,5
Courtedoux ;25,5
Courtelary ;25,94
Courtepin ;25,35
Courtételle ;25,5
Crans (VD) ;32,26
Crans-Montana ;30,8
Crassier ;32,26
Crémines ;25,5
Cressier (FR) ;25,35
Cressier (NE) ;26,95
Crésuz ;28,62
Crissier ;37,05
Cronay ;32,26
Croy ;32,26
Cuarnens ;32,26
Cuarny ;31,56
Cudrefin ;25,35
Cugnasco-Gerra ;29,24
Cugy (FR) ;25,35
Cugy (VD) ;32,26
Cureglia ;28,52
Curio ;28,52
Curtilles ;32,26
Dachsen ;21,88
Dägerlen ;21,88
Dagmersellen ;28,85
Daillens ;32,26
Dallenwil ;19,56
Dällikon ;21,88
Dalpe ;29,24
Damphreux ;25,5
Däniken ;31,72
Dänikon ;21,88
Dardagny ;24,22
Därligen ;25,5
Därstetten ;24
Dättlikon ;21,88
Davos ;33,09
Degersheim ;27,94
Degersheim ;27,32
Deisswil bei Münchenbuchsee ;32,39
Deitingen ;25,1
Delémont ;27,24
Delley-Portalban ;25,35
Démoret ;32,26
Denens ;31,56
Denges ;32,26
Densbüren ;27,2
Derendingen ;44,27
Develier ;30,27
Diegten ;25,65
Dielsdorf ;21,88
Diemerswil ;25,5
Diemtigen ;30,19
Diemtigen ;25,5
Diemtigen ;29,54
Diemtigen ;36,65
Diepflingen ;25,65
Diepoldsau ;28,69
Dierikon ;28,85
Diessbach bei Büren ;45,78
Diessenhofen ;19,84
Dietikon ;21,88
Dietlikon ;26,04
Dietwil ;27,2
Dinhard ;21,88
Dintikon ;18,36
Disentis/Mustér ;27,56
Dittingen ;25,5
Dizy ;32,26
Domat/Ems ;28,47
Domleschg ;21,94
Dompierre (VD) ;31,56
Donneloye ;32,26
Doppleschwand ;28,85
Dorénaz ;27,45
Dorf ;21,88
Dörflingen ;24,4
Dornach ;31,31
Dottikon ;31,53
Dottikon ;25,13
Döttingen ;25,13
Dotzigen ;25,5
Dozwil ;23,86
Drei Höfe ;25,1
Dübendorf ;26,19
Düdingen ;25,35
Duggingen ;31,31
Duillier ;25,98
Dulliken ;31,87
Dully ;31,56
Dürnten ;23,77
Dürnten ;21,88
Dürrenäsch ;29,33
Dürrenroth ;25,5
Ebikon ;28,85
Ebnat-Kappel ;26,07
Echallens ;31,56
Echandens ;31,56
Echarlens ;28,62
Echichens ;31,56
Eclépens ;32,26
Ecublens (FR) ;25,35
Ecublens (VD) ;37,5
Ederswiler ;25,5
Egerkingen ;18,89
Egg ;21,88
Eggenwil ;24,73
Eggerberg ;24,69
Eggersriet ;22,09
Eggiwil ;25,5
Eglisau ;21,88
Egliswil ;31,94
Egnach ;21,84
Egnach ;21,21
Egnach ;23,6
Egolzwil ;28,85
Ehrendingen ;35,55
Eich ;28,85
Eichberg ;25,55
Eiken ;25,13
Einsiedeln ;22,53
Eischoll ;22,84
Eisten ;25,66
Elgg ;21,88
Ellikon an der Thur ;21,88
Elsau ;24,39
Elsau ;24,59
Elsau ;21,88
Embd ;27,36
Embd ;28,93
Embrach ;21,88
Emmen ;28,8
Emmetten ;19,56
Endingen ;25,13
Engelberg ;29,77
Enges ;26,95
Ennetbaden ;26,06
Ennetbürgen ;19,56
Ennetmoos ;19,56
Entlebuch ;28,85
Epalinges ;28,46
Ependes (VD) ;31,56
Eppenberg-Wöschnau ;27,2
Epsach ;25,5
Eptingen ;25,65
Ergisch ;22,75
Eriswil ;34,77
Eriz ;25,5
Erlach ;25,5
Erlen ;47,16
Erlen ;47,16
Erlenbach (ZH) ;26,58
Erlenbach im Simmental ;25,5
Erlinsbach (AG) ;27,2
Erlinsbach (SO) ;27,2
Ermatingen ;51,36
Ermensee ;28,85
Ernen ;21,23
Erschwil ;31,31
Ersigen ;25,5
Erstfeld ;35,09
Eschenbach (LU) ;28,85
Eschenbach (SG) ;27,32
Eschenz ;21,95
Eschert ;25,5
Eschlikon ;33,4
Escholzmatt-Marbach ;28,85
Essertines-sur-Rolle ;31,56
Essertines-sur-Yverdon ;31,56
Estavayer ;25,35
Etagnières ;32,26
Etoy ;39,93
Ettingen ;31,31
Ettiswil ;28,85
Evilard ;25,5
Evionnaz ;27,45
Evolène ;30,8
Eysins ;33,26
Fahrni ;25,5
Fahrwangen ;25,13
Fahy ;25,5
Faido ;25,53
Falera ;27,56
Fällanden ;22,95
Faoug ;26,25
Farnern ;25,5
Féchy ;39,23
Fehraltorf ;26,23
Fehren ;31,31
Felben-Wellhausen ;27,04
Feldbrunnen-St. Niklaus ;25,1
Felsberg ;28,47
Ferden ;25,73
Ferenbalm ;25,5
Ferpicloz ;25,35
Ferrera ;9,51
Ferreyres ;32,56
Fétigny ;25,35
Feuerthalen ;21,88
Feusisberg ;24,11
Feusisberg ;25,62
Fey ;31,56
Fideris ;28,06
Fiesch ;21,23
Fieschertal ;21,23
Fiez ;32,26
Finhaut ;27,45
Finsterhennen ;25,5
Fischbach ;28,85
Fischbach-Göslikon ;24,01
Fischenthal ;21,88
Fischingen ;42,23
Fischingen ;41,13
Fisibach ;25,13
Fislisbach ;25,14
Flaach ;21,88
Fläsch ;28,06
Flawil ;32,19
Flerden ;21,94
Flims ;25,21
Flüelen ;30,66
Flühli ;28,85
Flumenthal ;25,1
Flums ;31,96
Flums ;33,18
Flums ;31,89
Flurlingen ;21,88
Fontaines-sur-Grandson ;32,26
Fontenais ;25,5
Forel (Lavaux) ;31,56
Forst-Längenbühl ;25,5
Founex ;32,26
Fräschels ;25,35
Fraubrunnen ;32,39
Frauenfeld ;32,78
Frauenkappelen ;24
Freienbach ;24,11
Freienstein-Teufen ;21,88
Freienwil ;35,55
Freimettigen ;25,5
Frenkendorf ;25,65
Fribourg ;25,35
Frick ;25,13
Froideville ;32,26
Frutigen ;25,5
Full-Reuenthal ;25,13
Full-Reuenthal ;32,27
Füllinsdorf ;25,65
Fully ;28,61
Furna ;28,06
Fürstenau ;21,94
Gächlingen ;24,4
Gachnang ;32,54
Gais ;26,72
Gaiserwald ;58,76
Galgenen ;34,85
Gals ;25,5
Gambarogno ;29,24
Gampel-Bratsch ;22,75
Gampelen ;25,5
Gams ;36,33
Gansingen ;25,13
Gebenstorf ;28,29
Gelterkinden ;25,65
Geltwil ;17,86
Geltwil ;15,56
Gempen ;31,31
Genève ;24,22
Genolier ;32,26
Genthod ;24,22
Gerlafingen ;25
Geroldswil ;21,88
Gersau ;41,64
Gerzensee ;25,5
Geuensee ;28,85
Gibloux ;25,35
Giebenach ;25,65
Giez ;32,56
Giffers ;25,35
Gilly ;32,26
Gimel ;32,26
Gingins ;31,56
Giornico ;29,24
Gipf-Oberfrick ;24,61
Gisikon ;28,85
Giswil ;29,77
Givisiez ;25,35
Givrins ;31,56
Gland ;27,58
Glarus ;27,99
Glarus Nord ;32,62
Glarus Süd ;21,78
Glattfelden ;40,77
Glattfelden ;21,88
Gletterens ;25,35
Goldach ;28,9
Gollion ;32,26
Gommiswald ;27,32
Goms ;28,75
Goms ;23,21
Gondiswil ;25,5
Gonten ;26,29
Gonten ;26,72
Gontenschwil ;21,46
Gordola ;29,24
Göschenen ;12,78
Gossau (SG) ;20,98
Gossau (SG) ;34,31
Gossau (ZH) ;21,88
Gossau (ZH) ;26
Gottlieben ;25,81
Goumoëns ;31,56
Graben ;25,5
Grabs ;30,12
Grächen ;28,69
Grancia ;28,52
Grancy ;31,56
Grandcour ;26,25
Grandevent ;31,56
Grandfontaine ;25,5
Grandson ;32,56
Grandval ;25,5
Grandvillard ;25,35
Granges (Veveyse) ;25,35
Granges-Paccot ;25,35
Grangettes ;25,35
Gränichen ;28,83
Gravesano ;28,52
Greifensee ;21,88
Grellingen ;31,31
Grenchen ;33,73
Greng ;25,35
Grengiols ;28,75
Grens ;32,26
Greppen ;41,39
Gretzenbach ;28,52
Grimisuat ;30,8
Grindel ;31,31
Grindelwald ;24,48
Grindelwald ;24,76
Grolley ;25,35
Grône ;30,8
Grono ;37,26
Grono ;36,13
Grono ;29,95
Grossaffoltern ;40,81
Grossdietwil ;28,85
Grosshöchstetten ;29,26
Grosswangen ;28,85
Grub (AR) ;44,03
Grüningen ;27,98
Grüsch ;27,56
Gruyères ;25,35
Gryon ;32,99
Gryon ;32,26
Gsteig ;30,76
Gsteigwiler ;25,5
Guggisberg ;25,5
Gündlischwand ;24,76
Günsberg ;25,1
Gunzgen ;26,02
Gurbrü ;25,5
Gurmels ;25,35
Gurtnellen ;30,66
Gurzelen ;25,5
Guttannen ;25,5
Guttet-Feschel ;22,75
Güttingen ;27,79
Gy ;24,22
Habkern ;25,5
Habsburg ;24,54
Häfelfingen ;25,65
Hagenbuch ;21,88
Hägendorf ;26,02
Häggenschwil ;26,72
Häggenschwil ;28,99
Hägglingen ;25,13
Hagneck ;25,5
Hallau ;24,4
Hallwil ;25,13
Halten ;28,38
Härkingen ;27,58
Hasle (LU) ;28,85
Hasle bei Burgdorf ;25,5
Hasliberg ;24
Hauenstein-Ifenthal ;31,95
Hauptwil-Gottshaus ;34,32
Hauptwil-Gottshaus ;21,46
Hausen (AG) ;24,54
Hausen am Albis ;21,88
Haut-Intyamon ;25,35
Haute-Ajoie ;25,5
Haute-Sorne ;25,5
Hautemorges ;32,26
Hauterive (FR) ;25,35
Hauterive (NE) ;33,07
Hauteville ;25,35
Häutligen ;25,5
Hedingen ;21,88
Hefenhofen ;54,04
Hefenhofen ;45,37
Hefenhofen ;23,44
Heiden ;27,24
Heiligenschwendi ;25,5
Heimberg ;25,5
Heimenhausen ;24
Heimiswil ;25,5
Heitenried ;25,35
Hellikon ;25,13
Hellsau ;25,5
Hemberg ;26,72
Hemishofen ;24,4
Hemmiken ;25,65
Hendschiken ;25,13
Henggart ;21,88
Henniez ;32,26
Herbetswil ;31,47
Herbligen ;25,5
Herdern ;20,46
Hérémence ;30,8
Hergiswil (NW) ;19,56
Hergiswil bei Willisau ;23,98
Hergiswil bei Willisau ;33,22
Herisau ;26,72
Hermance ;24,22
Hermenches ;31,56
Hermrigen ;25,5
Herrliberg ;22,8
Hersberg ;25,65
Herznach ;25,13
Herzogenbuchsee ;31,17
Herzogenbuchsee ;24,65
Hettlingen ;21,88
Hildisrieden ;28,85
Hilterfingen ;24
Himmelried ;31,31
Hindelbank ;32,37
Hinwil ;21,88
Hirschthal ;27,2
Hittnau ;21,88
Hitzkirch ;28,85
Hochdorf ;29,68
Hochfelden ;21,88
Höchstetten ;25,5
Hochwald ;31,31
Hofstetten bei Brienz ;24
Hofstetten-Flüh ;31,31
Hohenrain ;28,85
Hohentannen ;34,62
Hohentannen ;22,54
Holderbank (AG) ;25,13
Holderbank (SO) ;22,04
Hölstein ;25,65
Holziken ;27,2
Homberg ;25,5
Hombrechtikon ;21,88
Homburg ;25,64
Honau ;28,85
Horgen ;34,49
Horgen ;21,88
Höri ;21,88
Horn ;25,16
Horrenbach-Buchen ;24
Horrenbach-Buchen ;50,76
Horw ;28,88
Hospental ;36,61
Hubersdorf ;25,1
Humlikon ;21,88
Hundwil ;26,72
Hünenberg ;30,55
Hünenberg ;29,74
Hüntwangen ;21,88
Hunzenschwil ;27,33
Hüttikon ;21,88
Hüttlingen ;24,35
Huttwil ;38,8
Hüttwilen ;20,16
Icogne ;30,8
Iffwil ;32,39
Ilanz/Glion ;27,56
Illgau ;24,96
Illnau-Effretikon ;21,88
Inden ;22,75
Ingenbohl ;41,64
Inkwil ;25,5
Innerthal ;41,31
Innertkirchen ;25,5
Ins ;33,69
Interlaken ;34,53
Inwil ;28,85
Ipsach ;25,5
Iseltwald ;25,5
Isenthal ;30,66
Isérables ;27,45
Islisberg ;18,06
Isone ;28,86
Itingen ;20,64
Itingen ;25,31
Ittigen ;25,5
Jaberg ;25,5
Jaun ;25,35
Jegenstorf ;32,39
Jenaz ;28,06
Jenins ;26,22
Jens ;25,5
Jonen ;41,63
Jongny ;32,26
Jonschwil ;24,63
Jonschwil ;26,72
Jorat-Menthue ;32,26
Jorat-Mézières ;31,56
Jouxtens-Mézery ;26,56
Juriens ;32,26
Jussy ;24,22
Kaiseraugst ;25,13
Kaisten ;21,21
Kallern ;25,13
Kallnach ;24
Kallnach ;27,56
Kaltbrunn ;26,55
Kammersrohr ;25,1
Kandergrund ;25,5
Kandersteg ;31,62
Känerkinden ;25,65
Kappel (SO) ;26,02
Kappel am Albis ;21,88
Kappelen ;25,5
Kaufdorf ;25,5
Kehrsatz ;25,5
Kemmental ;34,48
Kernenried ;32,34
Kerns ;29,77
Kerzers ;25,35
Kesswil ;22,23
Kienberg ;25,13
Kiesen ;25,5
Kilchberg (BL) ;25,65
Kilchberg (ZH) ;21,88
Killwangen ;24,34
Kippel ;25,73
Kirchberg (BE) ;32,63
Kirchberg (SG) ;42,54
Kirchberg (SG) ;32,31
Kirchdorf (BE) ;25,5
Kirchleerau ;27,2
Kirchlindach ;25,5
Kleinandelfingen ;21,88
Kleinbösingen ;25,35
Kleinlützel ;31,31
Klingnau ;25,44
Klosters ;26,56
Kloten ;30,95
Knonau ;21,88
Knutwil ;28,85
Koblenz ;25,13
Kölliken ;15,01
Köniz ;25,9
Konolfingen ;25,5
Koppigen ;33,88
Kradolf-Schönenberg ;34,11
Krattigen ;25,5
Krauchthal ;32,34
Kreuzlingen ;28,28
Kriechenwil ;25,5
Kriegstetten ;25
Kriens ;28,85
Kriens ;25,87
Küblis ;26,56
Künten ;25,71
Küsnacht (ZH) ;26,36
Küssnacht (SZ) ;41,64
Küttigen ;27,2
L'Abbaye ;37,29
L'Abergement ;32,26
L'Isle ;32,26
La Baroche ;25,5
La Brévine ;26,95
La Brillaz ;25,35
La Chaux (Cossonay) ;31,56
La Chaux-de-Fonds ;33,07
La Chaux-des-Breuleux ;26,04
La Chaux-du-Milieu ;26,95
La Côte-aux-Fées ;26,95
La Ferrière ;25,64
La Grande Béroche ;26,95
La Neuveville ;32,19
La Praz ;32,26
La Punt Chamues-ch ;28,26
La Rippe ;31,56
La Roche ;25,35
La Sagne ;26,95
La Sarraz ;32,26
La Sonnaz ;25,35
La Tène ;26,95
La Tour-de-Peilz ;32,56
La Verrerie ;25,35
Laax ;27,56
Lachen ;37,53
Laconnex ;24,22
Lajoux (JU) ;25,5
Lalden ;24,69
Lamone ;28,52
Lampenberg ;25,65
Lancy ;24,22
Landiswil ;25,5
Landquart ;27,76
Langenbruck ;25,65
Langendorf ;28,58
Langenthal ;32,85
Langnau am Albis ;21,88
Langnau im Emmental ;25,5
Langrickenbach ;33,39
Lantsch/Lenz ;23,46
Lauenen ;25,5
Lauerz ;24,96
Läufelfingen ;25,65
Laufen ;25,5
Laufen ;31,31
Laufen-Uhwiesen ;21,88
Laufenburg ;47,1
Laupen ;25,5
Laupersdorf ;31,47
Lauperswil ;27,74
Lauperswil ;25,5
Lauperswil ;23,22
Lauperswil ;25,73
Lausanne ;31,94
Lausen ;25,65
Lauterbrunnen ;37,02
Lauterbrunnen ;24,76
Lauwil ;31,31
Lavertezzo ;29,24
Lavey-Morcles ;32,99
Lavigny ;32,26
Lavizzara ;29,24
Lax ;21,23
Le Bémont (JU) ;25,79
Le Cerneux-Péquignot ;26,95
Le Châtelard ;25,35
Le Chenit ;37,29
Le Flon ;25,35
Le Grand-Saconnex ;24,22
Le Landeron ;33,33
Le Lieu ;37,29
Le Locle ;33,07
Le Locle ;26,24
Le Mont-sur-Lausanne ;28,76
Le Mouret ;25,35
Le Noirmont ;25,94
Le Pâquier (FR) ;25,35
Le Vaud ;31,56
Leibstadt ;23,04
Leimbach (AG) ;25,13
Leissigen ;25,5
Lengnau (AG) ;25,13
Lengnau (BE) ;31,6
Lengwil ;41,91
Lenk ;25,5
Lens ;30,8
Lenzburg ;32,31
Les Bois ;25,87
Les Breuleux ;26,04
Les Clées ;32,26
Les Enfers ;25,5
Les Genevez (JU) ;25,5
Les Montets ;25,35
Les Planchettes ;33,07
Les Ponts-de-Martel ;26,88
Les Verrières ;26,95
Leuggern ;32,27
Leuggern ;25,13
Leuk ;22,75
Leukerbad ;23,75
Leutwil ;25,13
Leuzigen ;28,58
Leysin ;32,26
Leytron ;27,45
Lichtensteig ;27,62
Liddes ;31
Liedertswil ;25,65
Liesberg ;31,31
Liestal ;25,65
Ligerz ;24
Lignerolle ;31,56
Lignerolle ;29,73
Lignières ;26,95
Lindau ;31,43
Linden ;37,8
Linescio ;29,24
Locarno ;29,24
Lohn (SH) ;24,4
Lohn-Ammannsegg ;31,49
Löhningen ;24,4
Lommis ;22,84
Lommiswil ;25
Lonay ;31,56
Longirod ;31,56
Losone ;29,24
Lostallo ;29,95
Lostorf ;31,58
Lotzwil ;24,18
Lovatens ;32,26
Loveresse ;25,5
Lucens ;32,26
Lufingen ;21,88
Lugano ;28,52
Lugnez ;25,5
Luins ;32,26
Lully (FR) ;25,35
Lully (VD) ;31,56
Lumino ;21,9
Lumnezia ;27,56
Lungern ;29,77
Lupfig ;24,54
Lupsingen ;31,31
Lüscherz ;25,5
Lussery-Villars ;32,26
Lüsslingen-Nennigkofen ;27,58
Lussy-sur-Morges ;31,56
Luterbach ;25
Lüterkofen-Ichertswil ;27,58
Lüterswil-Gächliwil ;44,95
Lütisburg ;27,94
Lütisburg ;32
Lutry ;32,96
Lutry ;34,7
Lütschental ;24,76
Lützelflüh ;25,5
Lutzenberg ;26,72
Luzein ;26,56
Luzern ;26
Luzern ;29,15
Lyss ;40,81
Lyssach ;32,39
Madiswil ;27,14
Madiswil ;25,5
Madulain ;28,26
Magden ;25,13
Mägenwil ;25,13
Maggia ;29,24
Magliaso ;28,52
Maienfeld ;27,79
Maisprach ;22,76
Maisprach ;25,31
Malans ;28,06
Malters ;29,44
Mammern ;20,05
Mandach ;32,27
Männedorf ;26,85
Manno ;28,52
Maracon ;26,25
Marbach (SG) ;30,64
Marchissy ;31,56
Marly ;25,35
Maroggia ;28,52
Marsens ;25,35
Märstetten ;23,87
Marthalen ;18,28
Martigny ;29,1
Martigny-Combe ;28,3
Maschwanden ;21,88
Masein ;21,94
Massagno ;28,86
Massongex ;27,45
Massonnens ;25,35
Mathod ;31,56
Matran ;25,35
Matten bei Interlaken ;34,53
Mattstetten ;32,34
Matzendorf ;31,47
Matzingen ;19,07
Mauborget ;31,56
Mauensee ;28,85
Maur ;21,88
Mauraz ;32,26
Medel (Lucmagn) ;25,32
Meggen ;28,9
Meienried ;25,5
Meierskappel ;28,85
Meikirch ;25,5
Meilen ;26,72
Meinier ;24,22
Meinisberg ;25,5
Meiringen ;24,41
Meiringen ;24
Meisterschwanden ;25,13
Melano ;28,52
Melchnau ;30,21
Melide ;28,52
Mellikon ;25,64
Mellingen ;24,16
Mels ;24,59
Meltingen ;31,31
Mendrisio ;26,49
Ménières ;25,35
Menziken ;21,46
Menzingen ;29,97
Menzingen ;22,37
Menznau ;28,85
Merenschwand ;22,91
Merenschwand ;21,89
Mergoscia ;29,24
Merishausen ;24,4
Mervelier ;25,5
Merzligen ;25,5
Mesocco ;29,62
Messen ;32,39
Mettauertal ;32,27
Mettembert ;25,5
Mettmenstetten ;21,88
Metzerlen-Mariastein ;31,31
Mex (VD) ;32,56
Meyriez ;42,07
Meyrin ;24,22
Mézières (FR) ;25,35
Mezzovico-Vira ;28,52
Mies ;32,26
Miglieglia ;28,52
Milvignes ;33,33
Milvignes ;26,95
Minusio ;29,24
Mirchel ;25,5
Misery-Courtion ;25,35
Missy ;26,25
Möhlin ;25,13
Moiry ;32,26
Mollens (VD) ;32,26
Molondin ;31,56
Mönchaltorf ;21,88
Mont-la-Ville ;32,26
Mont-Noble ;30,8
Mont-sur-Rolle ;32,26
Mont-Tramelan ;25,74
Mont-Vully ;25,35
Montagny (FR) ;25,35
Montagny-près-Yverdon ;32,26
Montanaire ;32,26
Montcherand ;30,43
Montcherand ;32,26
Monteceneri ;28,52
Montet (Glâne) ;25,35
Montfaucon ;25,5
Mönthal ;25,13
Monthey ;23,34
Montilliez ;31,56
Montpreveyres ;32,26
Montreux ;32,46
Montricher ;32,26
Moosleerau ;27,2
Moosseedorf ;32,49
Morbio Inferiore ;25,43
Morcote ;28,52
Mörel-Filet ;28,75
Morges ;32,51
Mörigen ;25,5
Möriken-Wildegg ;26,18
Morlon ;28,62
Morrens (VD) ;32,26
Morschach ;30,66
Morschach ;41,64
Mörschwil ;24,48
Mosnang ;34,53
Mosnang ;26,72
Moudon ;32,26
Moutier ;31,15
Moutier ;29,95
Moutier ;29,95
Moutier ;31,15
Movelier ;25,5
Muhen ;32,15
Mühlau ;26,54
Mühleberg ;25,5
Müllheim ;50,43
Mülligen ;25,14
Mümliswil-Ramiswil ;22,05
Mumpf ;25,13
Münchenbuchsee ;36,29
Münchenstein ;31,31
Münchenwiler ;25,35
Münchwilen (AG) ;25,13
Münchwilen (TG) ;31,21
Münsingen ;30,39
Münsterlingen ;26,23
Muntelier ;42,63
Muntogna da Schons ;10,01
Müntschemier ;25,5
Muolen ;27,32
Muotathal ;24,96
Muralto ;29,24
Murgenthal ;50,53
Muri (AG) ;27,2
Muri bei Bern ;25,5
Muriaux ;25,84
Murten ;42,63
Mutrux ;31,56
Muttenz ;31,31
Muzzano ;28,52
Naters ;28,75
Nebikon ;28,85
Neckertal ;24,22
Neckertal ;27,32
Neckertal ;27,94
Neerach ;21,88
Neftenbach ;21,88
Neggio ;28,52
Nendaz ;27,45
Nenzlingen ;25,5
Nesslau ;27,32
Neuchâtel ;33,07
Neuendorf ;18,03
Neuenegg ;25,5
Neuenhof ;25,91
Neuenkirch ;28,8
Neuhausen am Rheinfall ;24,4
Neuheim ;30,8
Neunforn ;22,57
Neunkirch ;24,4
Neyruz (FR) ;25,35
Nidau ;33,42
Niederbipp ;25,5
Niederbipp ;30,51
Niederbuchsiten ;34,61
Niederbüren ;21,38
Niederbüren ;34,62
Niederdorf ;25,65
Niedergesteln ;24,69
Niederglatt ;21,88
Niedergösgen ;31,87
Niederhasli ;21,88
Niederhelfenschwil ;57,11
Niederhünigen ;25,5
Niederlenz ;26,68
Niedermuhlern ;25,5
Niederönz ;25,5
Niederried bei Interlaken ;24
Niederrohrdorf ;25,13
Niederweningen ;21,88
Niederwil (AG) ;22,16
Noble-Contrée ;30,8
Nods ;32,42
Nods ;24
Nottwil ;28,85
Novaggio ;28,52
Novalles ;31,56
Novazzano ;28,52
Noville ;32,26
Nuglar-St. Pantaleon ;31,31
Nunningen ;31,31
Nürensdorf ;21,88
Nusshof ;25,65
Nuvilly ;25,35
Nyon ;37,17
Oberägeri ;30,8
Oberbalm ;25,5
Oberbipp ;25,5
Oberbuchsiten ;37,52
Oberbüren ;47,06
Oberburg ;29,82
Oberdiessbach ;28,9
Oberdiessbach ;39,3
Oberdorf (BL) ;25,65
Oberdorf (NW) ;19,56
Oberdorf (SO) ;25,1
Oberegg ;44,67
Oberegg ;24,58
Oberembrach ;21,88
Oberems ;22,75
Oberengstringen ;21,88
Oberentfelden ;32,84
Obergerlafingen ;25,1
Oberglatt ;27,68
Oberglatt ;21,88
Obergoms ;23,21
Obergösgen ;31,92
Oberhallau ;24,4
Oberhelfenschwil ;27,32
Oberhof ;24,57
Oberhofen am Thunersee ;25,51
Oberhünigen ;25,5
Oberiberg ;41,64
Oberkirch ;28,85
Oberkulm ;25,13
Oberlangenegg ;25,5
Oberlunkhofen ;58,11
Obermumpf ;25,13
Oberried am Brienzersee ;24
Oberrieden ;21,88
Oberriet (SG) ;31,43
Oberrohrdorf ;28,02
Oberrohrdorf ;25,13
Oberrüti ;27,05
Obersaxen Mundaun ;27,56
Obersiggenthal ;26,37
Oberthal ;25,5
Oberuzwil ;27,72
Oberweningen ;21,88
Oberwil (BL) ;31,31
Oberwil bei Büren ;42,3
Oberwil im Simmental ;38,6
Oberwil-Lieli ;22,61
Obfelden ;21,88
Ochlenberg ;25,5
Oekingen ;28,38
Oensingen ;24,75
Oeschenbach ;25,5
Oeschgen ;25,13
Oetwil am See ;21,88
Oetwil an der Limmat ;21,88
Oftringen ;28,39
Ogens ;32,26
Ollon ;32,46
Ollon ;33,01
Olsberg ;19,29
Olten ;29,64
Oltingen ;25,65
Onex ;24,22
Onnens (VD) ;32,26
Onsernone ;29,24
Opfikon ;22,92
Opfikon ;23,43
Opfikon ;22,92
Opfikon ;23,43
Oppens ;31,56
Oppligen ;25,5
Orbe ;30,46
Orbe ;32,29
Orges ;31,56
Origlio ;28,52
Ormalingen ;25,65
Ormont-Dessous ;32,66
Ormont-Dessus ;32,46
Orny ;31,56
Oron ;32,26
Orpund ;25,5
Orselina ;29,24
Orsières ;29,96
Orvin ;25,5
Orzens ;31,56
Ossingen ;21,88
Ostermundigen ;25,5
Otelfingen ;30,21
Othmarsingen ;25,13
Ottenbach ;21,88
Oulens-sous-Echallens ;31,56
Pailly ;31,56
Paradiso ;28,52
Paudex ;28,86
Payerne ;26,25
Penthalaz ;32,46
Penthaz ;32,26
Penthéréaz ;32,26
Perly-Certoux ;24,22
Perrefitte ;24
Perroy ;31,56
Personico ;29,24
Péry-La Heutte ;25,5
Petit-Val ;25,5
Pfäfers ;27,32
Pfäffikon ;22,27
Pfaffnau ;28,85
Pfeffingen ;31,31
Pfungen ;21,88
Pfyn ;21,94
Pierrafortscha ;25,35
Pieterlen ;34,8
Plaffeien ;25,35
Plan-les-Ouates ;24,22
Plasselb ;25,35
Plateau de Diesse ;32,34
Plateau de Diesse ;24
Pleigne ;25,5
Pohlern ;25,5
Poliez-Pittet ;31,56
Pollegio ;29,24
Pompaples ;32,26
Pomy ;32,26
Pont-en-Ogoz ;25,35
Pont-la-Ville ;25,35
Ponte Capriasca ;28,52
Ponthaux ;25,35
Pontresina ;26,56
Porrentruy ;25,5
Port ;31,24
Port-Valais ;31,94
Porza ;28,52
Poschiavo ;17,82
Prangins ;25,98
Prato (Leventina) ;29,24
Pratteln ;25,65
Pratteln ;31,31
Pregny-Chambésy ;24,22
Premier ;32,26
Presinge ;24,22
Préverenges ;32,26
Prévondavaux ;30,94
Prévonloup ;31,56
Prez ;25,35
Prilly ;29,06
Provence ;31,56
Puidoux ;32,26
Pully ;34,96
Puplinge ;24,22
Pura ;28,52
Quarten ;22,28
Quarten ;33,78
Quinto ;29,24
Radelfingen ;25,5
Rafz ;21,88
Rain ;28,85
Ramlinsburg ;25,65
Ramsen ;24,4
Rances ;31,56
Raperswilen ;22,02
Rapperswil (BE) ;31,49
Rapperswil (BE) ;44,13
Rapperswil (BE) ;24
Rapperswil-Jona ;20,86
Raron ;25,27
Realp ;36,61
Rebévelier ;25,5
Rebstein ;30,87
Recherswil ;25,1
Rechthalten ;25,35
Reconvilier ;25,5
Regensberg ;21,88
Regensdorf ;21,88
Rehetobel ;26,72
Reichenbach im Kandertal ;25,5
Reichenburg ;37,85
Reiden ;28,85
Reigoldswil ;25,31
Reigoldswil ;26,32
Reinach (AG) ;21,46
Reinach (BL) ;31,31
Reisiswil ;25,5
Reitnau ;27,2
Remaufens ;25,35
Remetschwil ;25,89
Remetschwil ;26,09
Remigen ;25,13
Renan (BE) ;25,94
Renens (VD) ;37,25
Rennaz ;32,26
Reute (AR) ;30,87
Reute (AR) ;47,92
Reute (AR) ;37,66
Reutigen ;25,5
Rhäzüns ;28,47
Rheinau ;21,88
Rheineck ;28,93
Rheinfelden ;25,13
Rheinwald ;16,99
Riaz ;28,62
Richterswil ;21,88
Rickenbach (BL) ;25,65
Rickenbach (LU) ;28,85
Rickenbach (SO) ;31,5
Rickenbach (TG) ;25,64
Rickenbach (ZH) ;21,88
Riddes ;27,45
Ried bei Kerzers ;25,35
Ried-Brig ;28,75
Riederalp ;28,75
Riedholz ;25,1
Riehen ;31,73
Riemenstalden ;30,66
Rifferswil ;21,88
Riggisberg ;25,5
Riggisberg ;37,28
Ringgenberg (BE) ;24
Riniken ;22,96
Risch ;29,27
Riva San Vitale ;28,52
Rivaz ;32,26
Riviera ;29,24
Roche (VD) ;32,46
Rochefort ;26,95
Roches (BE) ;25,5
Rodersdorf ;31,31
Roggenburg ;25,5
Roggliswil ;28,85
Roggwil (BE) ;30,27
Roggwil (TG) ;22,84
Rohrbach ;25,5
Rohrbachgraben ;25,5
Rolle ;32,26
Romainmôtier-Envy ;32,26
Romanel-sur-Lausanne ;33,46
Romanel-sur-Morges ;32,26
Romanshorn ;20,26
Römerswil ;28,85
Romont (BE) ;25,5
Romont (FR) ;25,35
Romoos ;28,85
Ronco sopra Ascona ;29,24
Rongellen ;9,51
Root ;28,85
Ropraz ;31,56
Rorbas ;21,88
Rorschach ;25,61
Rorschacherberg ;19,96
Röschenz ;25,5
Rossa ;31,03
Rossemaison ;25,5
Rossenges ;31,56
Rossinière ;26,25
Röthenbach im Emmental ;25,5
Rothenbrunnen ;21,94
Rothenburg ;28,85
Rothenfluh ;25,65
Rothenthurm ;41,24
Rothrist ;33,28
Rougemont ;26,25
Roveredo (GR) ;36,26
Rovio ;28,52
Rovray ;31,56
Rubigen ;25,5
Rüderswil ;25
Rüderswil ;18,68
Rüdlingen ;24,4
Rudolfstetten-Friedlisberg ;35,75
Rüdtligen-Alchenflüh ;31,49
Rue ;25,35
Rüeggisberg ;25,5
Rüegsau ;25,5
Rueyres ;32,96
Rüfenach ;24,54
Rüfenach ;25,13
Rumendingen ;25,5
Rumisberg ;25,5
Rümlang ;30,14
Rümlingen ;25,65
Rünenberg ;25,65
Rupperswil ;27,28
Rüschegg ;25,5
Rüschlikon ;21,88
Russikon ;21,88
Russin ;24,22
Ruswil ;28,85
Rüte ;26,29
Rüthi (SG) ;30,32
Rüti (ZH) ;24,68
Rüti bei Büren ;46,19
Rüti bei Lyssach ;25,5
Rütschelen ;25,5
Rüttenen ;25,1
S-chanf ;25
Saanen ;25,5
Saas-Almagell ;36,15
Saas-Balen ;26,48
Saas-Fee ;36,45
Saas-Grund ;26,52
Saas-Grund ;24,79
Sachseln ;29,77
Safenwil ;25,13
Safiental ;21,83
Safiental ;26,56
Safnern ;23,49
Sagogn ;27,56
Saicourt ;25,5
Saignelégier ;25,79
Saignelégier ;25,5
Saillon ;27,45
Saint-Aubin (FR) ;25,35
Saint-Barthélemy (VD) ;31,56
Saint-Blaise ;32,33
Saint-Blaise ;32,33
Saint-Blaise ;33,33
Saint-Blaise ;33,33
Saint-Brais ;25,5
Saint-Cergue ;32,26
Saint-George ;31,56
Saint-Gingolph ;31,94
Saint-Imier ;32,66
Saint-Imier ;26,26
Saint-Léonard ;30,8
Saint-Livres ;39,93
Saint-Martin (FR) ;25,35
Saint-Martin (VS) ;30,8
Saint-Maurice ;27,45
Saint-Oyens ;32,26
Saint-Prex ;31,56
Saint-Saphorin (Lavaux) ;32,26
Saint-Sulpice (VD) ;28,26
Sainte-Croix ;32,26
Salenstein ;19,28
Sâles ;25,35
Salgesch ;30,8
Salmsach ;44,72
Salvan ;27,45
Samedan ;32,66
Samnaun ;24,55
San Vittore ;37,26
San Vittore ;33,25
Sant'Antonino ;21,9
Santa Maria in Calanca ;36,26
Sargans ;27,32
Sarmenstorf ;25,13
Sarnen ;29,77
Satigny ;24,22
Sattel ;24,96
Saubraz ;32,26
Sauge ;25,5
Saulcy ;25,5
Saules (BE) ;25,5
Savièse ;30,8
Savigny ;31,56
Savosa ;28,52
Saxeten ;25,5
Saxon ;27,45
Schaffhausen ;26,1
Schaffhausen ;24,4
Schafisheim ;32,04
Schangnau ;24
Schänis ;28,22
Scharans ;28,29
Schattdorf ;30,66
Schattenhalb ;24
Schattenhalb ;24,41
Schelten ;25,5
Schenkon ;28,85
Scheuren ;25,5
Schiers ;28,06
Schinznach ;25,13
Schlatt (TG) ;37,56
Schlatt (ZH) ;21,88
Schlatt-Haslen ;26,29
Schlatt-Haslen ;26,72
Schleinikon ;21,88
Schleitheim ;24,4
Schlierbach ;28,85
Schlieren ;21,88
Schlossrued ;25,13
Schluein ;27,56
Schmerikon ;27,64
Schmiedrued ;25,13
Schmitten (FR) ;25,35
Schmitten (GR) ;24,43
Schneisingen ;38,01
Schneisingen ;25,13
Schnottwil ;41,77
Schöfflisdorf ;21,88
Schöftland ;27,17
Schönenbuch ;31,31
Schönengrund ;26,65
Schönenwerd ;31,82
Schongau ;29,15
Schönholzerswilen ;22,05
Schötz ;28,85
Schübelbach ;37,03
Schupfart ;25,13
Schüpfen ;25,5
Schüpfheim ;28,85
Schwaderloch ;32,27
Schwadernau ;40,81
Schwadernau ;25,5
Schwanden bei Brienz ;24
Schwarzenberg ;25,87
Schwarzenberg ;24,8
Schwarzenberg ;24,8
Schwarzenberg ;25,87
Schwarzenburg ;25,5
Schwarzhäusern ;26
Schwellbrunn ;26,72
Schwellbrunn ;24,22
Schwende ;26,29
Schwerzenbach ;21,88
Schwyz ;24,96
Scuol ;22,42
Seeberg ;25,5
Seeberg ;33,25
Seedorf (BE) ;43,28
Seedorf (BE) ;25,5
Seedorf (UR) ;30,66
Seegräben ;21,88
Seehof ;25,5
Seelisberg ;30,66
Seengen ;25,13
Seewen ;31,31
Seewis im Prättigau ;28,06
Seftigen ;25,5
Seltisberg ;25,65
Selzach ;25,1
Sembrancher ;31,31
Sempach ;28,85
Semsales ;25,35
Senarclens ;31,56
Sennwald ;35,19
Sennwald ;27,32
Seon ;31,94
Sergey ;31,56
Serravalle ;29,24
Servion ;32,26
Seuzach ;21,88
Sévaz ;25,35
Sevelen ;36,98
Siblingen ;24,4
Sierre ;30,8
Siglistorf ;20,61
Signau ;26,48
Signau ;25,5
Signy-Avenex ;32,26
Sigriswil ;25,5
Silenen ;30,66
Sils im Domleschg ;10,53
Sils im Engadin/Segl ;28,16
Sils im Engadin/Segl ;24,44
Silvaplana ;28,16
Simplon ;11,33
Sins ;16,44
Sins ;27,31
Sion ;30,8
Sirnach ;33,62
Siselen ;30,83
Sisikon ;30,66
Sissach ;23,8
Sissach ;25,31
Sisseln ;20,18
Siviriez ;25,35
Soazza ;29,95
Solothurn ;28,8
Sommeri ;23,57
Sonceboz-Sombeval ;25,5
Sonvilier ;25,94
Soral ;24,22
Sorengo ;28,52
Sorens ;25,35
Sorvilier ;25,5
Soubey ;25,5
Soyhières ;25,5
Speicher ;26,72
Spiez ;25,5
Spiringen ;30,66
Spreitenbach ;25,87
St. Gallen ;27,23
St. Margrethen ;28,57
St. Moritz ;30,02
St. Niklaus ;27,36
St. Silvester ;25,35
St. Stephan ;25,5
St. Stephan ;30,03
St. Ursen ;25,35
Stabio ;26,48
Stadel ;21,88
Stäfa ;25,62
Staffelbach ;27,2
Stalden (VS) ;24,79
Stalden (VS) ;23,72
Staldenried ;26,45
Stallikon ;21,88
Stammheim ;21,88
Stans ;19,56
Stansstad ;19,56
Starrkirch-Wil ;31,95
Staufen ;29,93
Steckborn ;22,88
Steffisburg ;32,16
Steg-Hohtenn ;30,29
Stein (AG) ;25,13
Stein (AR) ;26,72
Stein am Rhein ;24,4
Steinach ;27,77
Steinach ;44,03
Steinen ;24,96
Steinerberg ;41,39
Steinhausen ;26,52
Steinmaur ;21,88
Stetten (AG) ;25,13
Stetten (SH) ;24,4
Stettfurt ;22,04
Stettlen ;25,5
Stocken-Höfen ;25,5
Strengelbach ;30,39
Studen (BE) ;25,5
Stüsslingen ;32,3
Subingen ;28,58
Suchy ;32,26
Sufers ;12,43
Suhr ;27,65
Sulgen ;33,03
Sullens ;31,56
Sumiswald ;38,6
Sumvitg ;27,56
Surpierre ;25,35
Sursee ;28,85
Surses ;23,83
Surses ;21,4
Suscévaz ;31,56
Sutz-Lattrigen ;25,5
Syens ;31,56
Tafers ;25,35
Tägerig ;25,13
Tägerwilen ;22,26
Tamins ;28,47
Tannay ;31,56
Tartegnin ;32,26
Täsch ;17,31
Täuffelen ;25,5
Tavannes ;25,5
Tecknau ;25,65
Tegerfelden ;25,13
Tenero-Contra ;29,24
Tenniken ;25,65
Tentlingen ;25,35
Termen ;28,75
Terre di Pedemonte ;29,24
Teufen (AR) ;26,72
Teufenthal (AG) ;32,85
Teuffenthal (BE) ;50,76
Tévenon ;32,26
Thal ;29,33
Thalheim (AG) ;19,09
Thalheim an der Thur ;21,88
Thalwil ;21,88
Thayngen ;24,4
Therwil ;31,31
Thierachern ;25,5
Thônex ;24,22
Thörigen ;25,5
Thun ;26,78
Thundorf ;22,91
Thunstetten ;25,5
Thurnen ;25,5
Thürnen ;25,65
Thusis ;13,3
Titterten ;25,65
Tobel-Tägerschen ;23,68
Toffen ;25,5
Tolochenaz ;32,26
Törbel ;24,79
Törbel ;23,48
Torny ;25,35
Torricella-Taverne ;28,52
Trachselwald ;25,5
Tramelan ;29,86
Trasadingen ;24,4
Treiten ;25,5
Trélex ;31,56
Tresa ;28,52
Trey ;26,25
Treycovagnes ;32,26
Treytorrens (Payerne) ;32,26
Treyvaux ;25,35
Triengen ;28,85
Trient ;27,45
Trimbach ;31,95
Trimmis ;21,13
Trin ;25,21
Trogen ;26,72
Troinex ;24,22
Troistorrents ;30,94
Trub ;25,5
Trubschachen ;25,5
Trüllikon ;21,88
Trun ;27,56
Truttikon ;21,88
Tschappina ;21,94
Tschiertschen-Praden ;25,37
Tschugg ;25,5
Tübach ;23,76
Tübach ;24,48
Tuggen ;38,31
Tujetsch ;27,12
Turbenthal ;21,88
Turgi ;25,13
Turtmann-Unterems ;22,75
Twann-Tüscherz ;25,5
Udligenswil ;28,85
Ueberstorf ;25,35
Uebeschi ;25,5
Ueken ;27,07
Uerkheim ;25,13
Uesslingen-Buch ;19,76
Uetendorf ;25,5
Uetikon am See ;26,87
Uezwil ;25,13
Ufhusen ;23,88
Uitikon ;21,88
Ulmiz ;25,35
Unterägeri ;30,8
Unterbäch ;20,17
Untereggen ;22,86
Unterengstringen ;21,88
Unterentfelden ;27,2
Unteriberg ;24,96
Unterkulm ;25,13
Unterlangenegg ;25,5
Unterlunkhofen ;38,29
Unterramsern ;31,49
Unterramsern ;32,39
Unterramsern ;31,49
Unterramsern ;32,39
Unterschächen ;30,66
Unterseen ;34,53
Untersiggenthal ;25,13
Untersiggenthal ;26,37
Untervaz ;19,23
Urdorf ;21,88
Urmein ;21,94
Urnäsch ;33,87
Ursenbach ;32,8
Ursins ;31,56
Ursy ;25,35
Urtenen-Schönbühl ;32,37
Uster ;28,89
Uttigen ;25,5
Uttwil ;20,26
Utzenstorf ;25,5
Uznach ;28,66
Uzwil ;27,72
Vacallo ;25,43
Val de Bagnes ;31,31
Val Müstair ;29,36
Val Terbi ;25,5
Val-d'Illiez ;31,94
Val-de-Charmey ;28,62
Val-de-Ruz ;26,95
Val-de-Travers ;26,95
Valbirse ;25,5
Valbroye ;32,26
Valeyres-sous-Montagny ;32,26
Valeyres-sous-Rances ;32,26
Valeyres-sous-Ursins ;31,56
Vallon ;25,35
Vallorbe ;30,43
Vals ;15,43
Valsot ;21,42
Vandoeuvres ;24,22
Varen ;22,75
Vaulion ;30,43
Vaulruz ;25,35
Vaux-sur-Morges ;31,56
Vaz/Obervaz ;24,64
Vechigen ;25,5
Veltheim (AG) ;25,13
Vendlincourt ;25,5
Vernate ;28,52
Vernayaz ;27,45
Vernier ;24,22
Vérossaz ;27,45
Versoix ;24,22
Verzasca ;29,24
Vétroz ;30,8
Vevey ;33,11
Vex ;30,8
Veyrier ;24,22
Veysonnaz ;30,8
Veytaux ;32,46
Vezia ;28,52
Vich ;25,98
Vico Morcote ;28,52
Villars-Epeney ;31,56
Villars-le-Comte ;31,56
Villars-le-Terroir ;31,56
Villars-Sainte-Croix ;32,26
Villars-sous-Yens ;31,56
Villars-sur-Glâne ;25,35
Villarsel-sur-Marly ;25,35
Villarzel ;31,56
Villaz ;25,35
Villeneuve (VD) ;32,66
Villeret ;25,94
Villigen ;21,11
Villmergen ;31,53
Villnachern ;24,54
Villorsonnens ;25,35
Vilters-Wangs ;24,95
Vinelz ;25,5
Vinzel ;32,26
Vionnaz ;31,94
Visp ;24,69
Visperterminen ;21,63
Vitznau ;41,39
Volken ;21,88
Volketswil ;21,88
Vordemwald ;33,28
Vorderthal ;40,63
Vouvry ;31,94
Vuadens ;25,35
Vuarrens ;32,26
Vucherens ;31,86
Vufflens-la-Ville ;31,56
Vufflens-le-Château ;31,56
Vugelles-La Mothe ;31,56
Vuisternens-devant-Romont ;25,35
Vuiteboeuf ;32,26
Vulliens ;31,56
Vullierens ;32,26
Vully-les-Lacs ;26,25
Wachseldorn ;25,5
Wädenswil ;21,88
Wagenhausen ;23,63
Wahlen ;25,5
Walchwil ;29,27
Wald (AR) ;26,72
Wald (BE) ;25,5
Wald (ZH) ;20,04
Waldenburg ;25,65
Wäldi ;36,06
Waldkirch ;57,58
Waldkirch ;42,24
Waldstatt ;26,72
Walenstadt ;27,09
Walkringen ;25,5
Wallbach ;25,13
Wallisellen ;26,52
Walliswil bei Niederbipp ;25,5
Walliswil bei Wangen ;25,5
Walperswil ;25,5
Waltenschwil ;25,13
Walterswil (BE) ;25,5
Walterswil (SO) ;31,95
Walzenhausen ;24,58
Wangen (SZ) ;35,99
Wangen an der Aare ;25,5
Wangen bei Olten ;31,95
Wangen-Brüttisellen ;21,88
Wangen-Brüttisellen ;23,97
Wangenried ;25,5
Wängi ;31,13
Wartau ;40,05
Wartau ;42,34
Wartau ;41,98
Wartau ;40,67
Warth-Weiningen ;21,58
Wassen ;30,66
Wasterkingen ;21,88
Wattenwil ;25,5
Wattwil ;31,66
Wauwil ;28,85
Weesen ;27,32
Wegenstetten ;25,13
Weggis ;41,39
Weiach ;35,33
Weinfelden ;27,26
Weiningen (ZH) ;21,88
Weisslingen ;21,88
Welschenrohr-Gänsbrunnen ;25,1
Wengi ;45,55
Wenslingen ;25,65
Werthenstein ;28,85
Wettingen ;31,77
Wettswil am Albis ;21,88
Wetzikon (ZH) ;29,27
Wichtrach ;25,5
Widen ;19,66
Widnau ;31,6
Wiedlisbach ;25,5
Wiesendangen ;21,88
Wiggiswil ;32,39
Wigoltingen ;48,48
Wigoltingen ;19,58
Wikon ;28,85
Wil (SG) ;48,34
Wil (SG) ;27,35
Wil (SG) ;22,91
Wil (ZH) ;21,88
Wila ;21,88
Wilchingen ;24,4
Wildberg ;21,88
Wilderswil ;30,63
Wildhaus-Alt St. Johann ;27,32
Wilen (TG) ;28,93
Wiler (Lötschen) ;25,73
Wiler bei Utzenstorf ;25,5
Wileroltigen ;25,5
Wiliberg ;27,2
Willadingen ;33,88
Willisau ;33,22
Willisau ;28,85
Wimmis ;24
Windisch ;39,97
Winkel ;21,88
Wintersingen ;25,65
Winterthur ;28,25
Winznau ;31,95
Wisen (SO) ;31,95
Wittenbach ;32,91
Wittenbach ;26,57
Witterswil ;31,31
Wittinsburg ;25,65
Wittnau ;24,82
Wohlen (AG) ;27,02
Wohlen bei Bern ;25,5
Wohlenschwil ;25,21
Wolfenschiessen ;19,56
Wolfhalden ;32,29
Wölflinswil ;24,62
Wolfwil ;21,39
Wolhusen ;28,85
Wollerau ;24,11
Worb ;70,78
Worb ;26
Worben ;25,5
Wünnewil-Flamatt ;25,35
Wuppenau ;18,43
Würenlingen ;39,13
Würenlos ;22,44
Wynau ;39,71
Wynigen ;25,5
Wyssachen ;25,5
Yens ;31,56
Yverdon-les-Bains ;37,29
Yvonand ;32,26
Yvorne ;32,96
Zäziwil ;25,5
Zeglingen ;25,65
Zeihen ;22,97
Zeiningen ;35,67
Zell (LU) ;28,85
Zell (ZH) ;21,88
Zeneggen ;27,03
Zermatt ;17,29
Zernez ;22,92
Zetzwil ;21,46
Ziefen ;25,65
Zielebach ;25,1
Zihlschlacht-Sitterdorf ;23,58
Zihlschlacht-Sitterdorf ;34,62
Zihlschlacht-Sitterdorf ;43,79
Zillis-Reischen ;10,51
Zizers ;28,06
Zofingen ;30,19
Zollikofen ;25,5
Zollikon ;26,58
Zuchwil ;25
Zuchwil ;28,18
Zufikon ;33,34
Zug ;29,27
Zullwil ;31,31
Zumikon ;21,88
Zunzgen ;25,65
Zuoz ;28,06
Zürich ;22,39
Zurzach ;34,77
Zurzach ;20,49
Zurzach ;25,13
Zurzach ;18,91
Zuzgen ;25,13
Zuzwil (BE) ;32,39
Zuzwil (SG) ;31,13
Zweisimmen ;25,5
Zwieselberg ;25,5
Zwingen ;25,5
Zwischbergen ;8,49