1000;Lausanne
1003;Lausanne
1004;Lausanne
1005;Lausanne
1006;Lausanne
1007;Lausanne
1008;Jouxtens-Mézery
1008;Prilly
1009;Pully
1010;Lausanne
1011;Lausanne
1012;Lausanne
1015;Lausanne
1018;Lausanne
1020;Renens VD
1022;Chavannes-près-Renens
1023;Crissier
1024;Ecublens VD
1025;St-Sulpice VD
1026;Denges
1026;Echandens
1027;Lonay
1028;Préverenges
1029;Villars-Ste-Croix
1030;Bussigny
1031;Mex VD
1032;Romanel-sur-Lausanne
1033;Cheseaux-sur-Lausanne
1034;Boussens
1035;Bournens
1036;Sullens
1037;Etagnières
1038;Bercher
1040;Echallens
1040;St-Barthélemy VD
1040;Villars-le-Terroir
1041;Bottens
1041;
1041;
1041;Poliez-Pittet
1042;Assens
1042;Bettens
1043;
1044;Fey
1045;Ogens
1046;Rueyres
1047;Oppens
1052;Le Mont-sur-Lausanne
1053;Bretigny-sur-Morrens
1053;Cugy VD
1054;Morrens VD
1055;Froideville
1063;Boulens
1066;Epalinges
1070;Puidoux
1071;Chexbres
1071;Rivaz
1071;St-Saphorin (Lavaux)
1072;Forel (Lavaux)
1073;Savigny
1076;
1077;Servion
1081;Montpreveyres
1082;Corcelles-le-Jorat
1085;Vulliens
1088;Ropraz
1091;
1092;Belmont-sur-Yverdon
1094;Paudex
1095;Lutry
1110;Morges
1112;Echichens
1114;
1115;Vullierens
1117;Grancy
1121;Bremblens
1122;Romanel-sur-Morges
1123;Aclens
1124;Gollion
1126;Vaux-sur-Morges
1127;Clarmont
1131;Tolochenaz
1132;Lully VD
1134;Chigny
1134;Vufflens-le-Château
1135;Denens
1144;Ballens
1145;Bière
1145;
1146;Mollens VD
1147;Montricher
1148;Chavannes-le-Veyron
1148;Cuarnens
1148;L'Isle
1148;La Praz
1148;Mauraz
1148;Moiry VD
1148;Mont-la-Ville
1149;Berolle
1162;St-Prex
1163;Etoy
1164;Buchillon
1165;Allaman
1166;Perroy
1167;Lussy-sur-Morges
1168;Villars-sous-Yens
1169;Yens
1170;Aubonne
1172;Bougy-Villars
1173;Féchy
1175;Lavigny
1176;St-Livres
1180;Rolle
1180;Tartegnin
1182;Gilly
1183;Bursins
1184;Luins
1184;Vinzel
1185;Mont-sur-Rolle
1186;Essertines-sur-Rolle
1187;St-Oyens
1188;Gimel
1188;St-George
1195;Bursinel
1195;Dully
1195;Dürnten
1196;Gland
1197;Prangins
1200;Genève
1201;Genève
1202;Genève
1202;
1203;Genève
1204;Genève
1205;Genève
1206;Genève
1207;Genève
1208;Genève
1209;Genève
1212;
1213;Onex
1214;Vernier
1215;Genève 15 Aéroport
1217;Meyrin
1218;Le Grand-Saconnex
1223;Cologny
1224;Chêne-Bougeries
1225;Chêne-Bourg
1226;Thônex
1227;Carouge GE
1228;Plan-les-Ouates
1232;Confignon
1233;Bernex
1236;Cartigny
1237;Avully
1239;Collex
1241;Puplinge
1242;Satigny
1243;Presinge
1244;Choulex
1245;Collonge-Bellerive
1246;Corsier GE
1247;Anières
1248;Hermance
1251;Gy
1252;Meinier
1253;Vandoeuvres
1254;Jussy
1255;Veyrier
1256;Troinex
1257;
1258;Perly
1260;Nyon
1261;Le Vaud
1261;Longirod
1261;Marchissy
1262;Eysins
1263;Crassier
1264;St-Cergue
1266;Duillier
1267;Coinsins
1267;Vich
1268;Begnins
1268;Burtigny
1269;Bassins
1270;Trélex
1271;Givrins
1272;Genolier
1274;Grens
1274;Signy
1275;Chéserex
1276;Gingins
1277;Arnex-sur-Nyon
1277;Borex
1278;La Rippe
1279;Bogis-Bossey
1279;Chavannes-de-Bogis
1281;Russin
1283;Dardagny
1284;Chancy
1286;Soral
1287;Laconnex
1288;Aire-la-Ville
1290;Chavannes-des-Bois
1290;Versoix
1291;Commugny
1293;Bellevue
1294;Genthod
1295;Mies
1295;Tannay
1296;Coppet
1297;Founex
1298;Céligny
1302;Vufflens-la-Ville
1303;Penthaz
1304;Cossonay-Ville
1304;Dizy
1304;Senarclens
1305;Penthalaz
1306;Daillens
1307;Lussery-Villars
1308;La Chaux (Cossonay)
1312;Eclépens
1313;Ferreyres
1315;La Sarraz
1316;Chevilly
1317;Orny
1318;Pompaples
1321;Arnex-sur-Orbe
1322;Croy
1323;Romainmôtier
1324;Premier
1325;Vaulion
1326;Juriens
1329;Bretonnières
1337;Vallorbe
1338;Ballaigues
1344;L'Abbaye
1345;Le Lieu
1350;Orbe
1352;Agiez
1353;Bofflens
1354;Montcherand
1355;L'Abergement
1355;Sergey
1356;Les Clées
1357;Lignerolle
1358;Valeyres-sous-Rances
1372;Bavois
1373;Chavornay
1375;Penthéréaz
1376;Goumoens-la-Ville
1376;Goumoens-le-Jux
1377;Oulens-sous-Echallens
1400;Cheseaux-Noréaz
1400;Yverdon-les-Bains
1404;Cuarny
1404;Villars-Epeney
1405;Pomy
1406;Cronay
1407;Bioley-Magnoux
1407;Donneloye
1410;Prévondavaux
1410;
1412;Ursins
1412;Valeyres-sous-Ursins
1413;Orzens
1415;Démoret
1415;Molondin
1416;Pailly
1417;Essertines-sur-Yverdon
1418;Vuarrens
1420;Fiez
1421;Fontaines-sur-Grandson
1421;Grandevent
1421;
1422;Grandson
1424;Champagne
1425;Onnens VD
1426;Concise
1426;Corcelles-près-Concise
1427;Bonvillars
1428;
1428;Mutrux
1428;Provence
1429;Giez
1430;Orges
1431;Novalles
1431;Vugelles-La Mothe
1433;Suchy
1434;Ependes VD
1436;Chamblon
1436;Treycovagnes
1437;Suscévaz
1438;Mathod
1439;Rances
1441;Valeyres-sous-Montagny
1442;Montagny-près-Yverdon
1443;Champvent
1445;
1445;Vuiteboeuf
1446;Baulmes
1450;La Sagne (Ste-Croix)
1453;Bullet
1453;Mauborget
1453;
1462;Yvonand
1463;Rovray
1464;Chavannes-le-Chêne
1464;Chêne-Pâquier
1468;Cheyres
1470;Estavayer-le-Lac
1470;Lully FR
1473;Châtillon FR
1482;Cugy FR
1483;
1485;Nuvilly
1509;Vucherens
1510;Moudon
1510;Syens
1512;Chavannes-sur-Moudon
1513;Hermenches
1513;Rossenges
1515;Villars-le-Comte
1521;Curtilles
1522;Lucens
1525;Henniez
1528;Surpierre
1530;Payerne
1532;Fétigny
1533;Ménières
1537;Champtauroz
1538;Treytorrens (Payerne)
1541;Sévaz
1543;Grandcour
1544;Gletterens
1545;Chevroux
1551;
1552;Trey
1553;Châtonnaye
1555;Villarzel
1562;Corcelles-près-Payerne
1565;Missy
1565;Vallon
1566;St-Aubin FR
1566;
1567;Delley
1580;Avenches
1588;Cudrefin
1588;
1595;Faoug
1608;Bussigny-sur-Oron
1608;Chapelle (Glâne)
1608;
1608;Oron-le-Châtel
1609;St-Martin FR
1610;Oron-la-Ville
1613;Maracon
1614;Granges (Veveyse)
1615;Bossonnens
1616;Attalens
1617;Remaufens
1618;Châtel-St-Denis
1619;
1623;Semsales
1624;La Verrerie
1625;Sâles (Gruyère)
1627;Vaulruz
1628;Vuadens
1630;Bulle
1632;Riaz
1633;Marsens
1633;
1634;La Roche FR
1636;Broc
1636;
1638;Morlon
1642;Sorens
1642;
1644;
1646;Echarlens
1647;Corbières
1648;Hauteville
1649;Pont-la-Ville
1652;Botterens
1653;Châtel-sur-Montsalvens
1653;Crésuz
1656;Jaun
1658;Rossinière
1659;Rougemont
1660;Château-d'Oex
1660;
1661;Le Pâquier-Montbarry
1663;
1663;Gruyères
1666;Grandvillard
1670;Ursy
1673;Auboranges
1673;Ecublens FR
1673;Rue
1674;Montet (Glâne)
1677;Prez-vers-Siviriez
1678;Siviriez
1680;Romont FR
1681;Billens
1682;Dompierre VD
1682;Lovatens
1682;Prévonloup
1684;Mézières FR
1686;Grangettes-près-Romont
1687;Vuisternens-devant-Romont
1689;Le Châtelard-près-Romont
1690;Villaz-St-Pierre
1692;Massonnens
1695;Estavayer-le-Gibloux
1700;Fribourg
1708;Fribourg
1712;Tafers
1714;Heitenried
1716;Plaffeien
1717;Sta. Maria in Calanca
1717;St. Ursen
1718;Rechthalten
1719;Brünisried
1720;Corminboeuf
1721;Misery
1723;Marly
1723;Pierrafortscha
1723;Villarsel-sur-Marly
1724;Ferpicloz
1724;Le Mouret
1725;
1733;Treyvaux
1734;Tentlingen
1735;Giffers
1736;St. Stephan
1737;Plasselb
1740;
1740;Neyruz FR
1741;Cottens FR
1742;Autigny
1744;Chénens
1746;Prez-vers-Noréaz
1748;Torny-le-Grand
1752;Villars-sur-Glâne
1753;Matran
1762;Givisiez
1763;Granges-Paccot
1772;Grolley
1772;Ponthaux
1782;Belfaux
1784;Courtepin
1785;Cressier FR
1796;Courgevaux
1797;Münchenwiler
1800;Vevey
1802;Corseaux
1803;Chardonne
1804;Corsier-sur-Vevey
1805;Jongny
1807;Blonay
1814;La Tour-de-Peilz
1820;Montreux
1820;Veytaux
1844;Villeneuve VD
1845;Noville
1846;Chessel
1847;Rennaz
1852;Roche VD
1853;Yvorne
1854;Leysin
1856;Corbeyrier
1860;Aigle
1867;Ollon VD
1868;Collombey
1869;Massongex
1870;Monthey
1872;Troistorrents
1873;Val-d'Illiez
1874;Champéry
1880;Bex
1882;Gryon
1890;
1890;St-Maurice
1891;Vérossaz
1895;Vionnaz
1896;
1896;Vouvry
1898;St-Gingolph
1902;Evionnaz
1903;Collonges
1904;Vernayaz
1905;Dorénaz
1907;Saxon
1908;Riddes
1912;Leytron
1913;Saillon
1914;Isérables
1914;
1920;Martigny
1921;
1922;Salvan
1925;Finhaut
1925;Le Châtelard VS
1926;Fully
1927;
1929;Trient
1932;Bovernier
1933;Sembrancher
1937;Orsières
1945;Liddes
1946;Bourg-St-Pierre
1950;Sion
1955;Chamoson
1957;Ardon
1958;St-Léonard
1961;
1963;Vétroz
1964;Conthey
1965;Savièse
1969;St-Martin VS
1971;Grimisuat
1974;Arbaz
1977;Icogne
1978;Lens
1981;Vex
1983;Evolène
1987;Hérémence
1993;Veysonnaz
2000;Neuchâtel
2012;
2016;Cortaillod
2017;Boudry
2019;Rochefort
2019;
2024;St-Aubin-Sauges
2052;Laax GR
2063;Saules
2068;Hauterive NE
2072;St-Blaise
2073;Enges
2087;Cornaux NE
2088;Cressier NE
2117;La Côte-aux-Fées
2126;Les Verrières
2300;La Chaux-de-Fonds
2314;La Sagne NE
2316;Les Ponts-de-Martel
2318;Brot-Plamboz
2325;Les Planchettes
2333;La Ferrière
2336;Les Bois
2338;Muriaux
2340;Le Noirmont
2345;La Chaux-des-Breuleux
2345;Les Breuleux
2350;Saignelégier
2362;
2362;Montfaucon
2363;Les Enfers
2364;St-Brais
2400;Le Locle
2405;La Chaux-du-Milieu
2406;La Brévine
2414;Le Cerneux-Péquignot
2500;Biel/Bienne
2502;Biel/Bienne
2503;Biel/Bienne
2504;Biel/Bienne
2505;Biel/Bienne
2512;
2513;Twann
2514;Ligerz
2518;Nods
2520;La Neuveville
2523;Lignières
2525;Le Landeron
2533;Evilard
2534;Orvin
2538;Romont BE
2540;Grenchen
2542;Pieterlen
2543;Lengnau (BE) 
2544;Bettlach
2545;Selzach
2552;Orpund
2553;Safnern
2554;Meinisberg
2555;Brügg BE
2556;Scheuren
2556;Schwadernau
2557;Studen BE
2558;Aegerten
2560;Nidau
2562;Port
2563;Ipsach
2564;Bellwald
2565;Jens
2572;Mörigen
2572;Sutz
2575;Hagneck
2575;Täuffelen
2576;Lüscherz
2577;Finsterhennen
2577;Siselen BE
2603;Péry
2603;
2605;Sonceboz-Sombeval
2606;Corgémont
2607;Cortébert
2608;Courtelary
2610;St-Imier
2612;Cormoret
2613;Villeret
2615;Sonvilier
2616;Renan BE
2710;Tavannes
2712;
2714;Les Genevez JU
2715;
2717;Rebévelier
2718;Lajoux JU
2720;Tramelan
2723;Mont-Tramelan
2732;Loveresse
2732;Reconvilier
2732;Saicourt
2732;Saules BE
2735;Champoz
2736;Sorvilier
2738;Court
2740;Moutier
2742;Perrefitte
2743;Eschert
2744;Belprahon
2745;Grandval
2746;Crémines
2746;
2747;Corcelles BE
2747;Seehof
2762;Roches BE
2800;Delémont
2802;Develier
2803;Bourrignon
2803;
2805;Soyhières
2806;Mettembert
2807;Pleigne
2812;Movelier
2813;Ederswiler
2814;Roggenburg
2822;Courroux
2825;Courchapoix
2827;Mervelier
2827;Schelten
2830;Courrendlin
2842;Rossemaison
2843;Châtillon JU
2852;Courtételle
2856;Boécourt
2873;Saulcy
2874;St-Brais
2875;Les Enfers
2875;Montfaucon
2877;Le Bémont JU
2887;Soubey
2900;Porrentruy
2902;Fontenais
2904;
2905;Courtedoux
2908;Grandfontaine
2915;
2915;Bure
2916;Fahy
2922;Courchavon
2926;Boncourt
2932;Coeuve
2933;Damphreux
2933;Lugnez
2935;Beurnevésin
2942;Alle
2943;Vendlincourt
2944;Bonfol
2950;Courgenay
2952;Cornol
3000;Bern
3004;Bern
3005;Bern
3006;Bern
3007;Bern
3008;Bern
3010;Bern
3011;Bern
3012;Bern
3013;Bern
3014;Bern
3015;Bern
3018;Bern
3019;Bern
3020;Bern
3033;Wohlen b. Bern
3038;Kirchlindach
3045;Meikirch
3047;Bremgarten b. Bern
3052;Zollikofen
3053;Deisswil b. Münchenbuchsee
3053;Diemerswil
3053;Münchenbuchsee
3053;Wiggiswil
3054;Schüpfen
3065;Bollingen
3066;Stettlen
3066;
3067;Bolligen
3072;Ostermundigen
3074;Muri bei Bern
3075;Worb
3076;Worb
3086;
3087;Niedermuhlern
3088;Rüeggisberg
3096;Oberbalm
3098;Köniz
3110;Münsingen
3112;Allmendingen 
3113;Rubigen
3114;Wichtrach
3115;Gerzensee
3116;Kirchdorf BE
3122;Kehrsatz
3123;Belp
3125;Toffen
3126;Kaufdorf
3128;Rümligen
3132;Riggisberg
3153;Rüschegg Gambach
3154;Rüschegg Heubach
3158;Guggisberg
3176;Neuenegg
3177;Laupen BE
3178;Bösingen
3179;Kriechenwil
3182;Ueberstorf
3184;Wünnewil
3185;Schmitten FR
3186;Düdingen
3202;Frauenkappelen
3203;Mühleberg
3206;Ferenbalm
3207;Wileroltigen
3208;Gurbrü
3210;Kerzers
3212;Gurmels
3213;Kleinbösingen
3214;Ulmiz
3216;Ried b. Kerzers
3225;Müntschemier
3226;Treiten
3232;Ins
3233;Tschugg
3234;Vinelz
3235;Erlach
3236;Gampelen
3237;Brüttelen
3238;Gals
3250;Lyss
3251;Wengi b. Büren
3253;Schnottwil
3254;Messen
3255;Rapperswil BE
3257;Grossaffoltern
3263;Büetigen
3264;Diessbach b. Büren
3267;Seedorf BE
3270;Aarberg
3271;Radelfingen b. Aarberg
3272;Epsach
3272;Walperswil
3273;Kappelen
3274;Bühl b. Aarberg
3274;Hermrigen
3274;Merzligen
3280;Greng
3280;Meyriez
3280;Murten
3282;Bargen (BE) 
3283;Kallnach
3284;Fräschels
3286;Muntelier
3293;Dotzigen
3294;Büren an der Aare
3294;Meienried
3295;Rüti b. Büren
3296;Arch
3297;Leuzigen
3298;Oberwil b. Büren
3302;Moosseedorf
3303;Jegenstorf
3303;Zuzwil BE
3305;Iffwil
3309;Kernenried
3312;Fraubrunnen
3315;Bätterkinden
3322;Mattstetten
3322;Urtenen-Schönbühl
3323;Bäriswil 
3324;Hindelbank
3326;Krauchthal
3360;Herzogenbuchsee
3362;Niederönz
3365;Seeberg
3366;Bettenhausen
3367;Ochlenberg
3367;Thörigen
3368;Bleienbach
3373;Heimenhausen
3374;Wangenried
3375;Inkwil
3376;Berken
3376;Graben
3377;Walliswil b. Wangen
3380;Walliswil b. Niederbipp
3380;Wangen an der Aare
3400;Burgdorf
3412;Heimiswil
3414;Oberburg
3415;Hasle b. Burgdorf
3415;Schafhausen im Emmental
3416;Affoltern im Emmental
3417;Rüegsau
3421;Lyssach
3421;Rüti b. Lyssach
3422;Kirchberg BE
3422;Rüdtligen
3423;Ersigen
3425;Koppigen
3425;Willadingen
3426;Aefligen
3427;Utzenstorf
3428;Wiler b. Utzenstorf
3429;Hellsau
3429;Höchstetten
3432;Lützelflüh
3434;
3437;Rüderswil
3438;Lauperswil
3454;Sumiswald
3454;
3456;Trachselwald
3457;Wasen im Emmental
3465;Dürrenroth
3472;Rumendingen
3472;Wynigen
3473;Alchenstorf
3504;Niederhünigen
3504;Oberhünigen
3506;Grosshöchstetten
3507;Biglen
3508;Arni (BE) 
3510;Freimettigen
3510;Häutligen
3510;Konolfingen
3512;Walkringen
3531;Oberthal
3532;Mirchel
3532;Zäziwil
3533;Bowil
3534;Signau
3537;Eggiwil
3538;Röthenbach im Emmental
3550;Langnau im Emmental
3555;Trubschachen
3556;Trub
3600;Thun
3603;Thun
3604;Thun
3608;Thun
3612;Steffisburg
3613;Steffisburg
3614;
3614;Unterlangenegg
3615;
3616;
3617;Fahrni b. Thun
3619;Eriz
3622;Homberg b. Thun
3623;Horrenbach
3623;Teuffenthal b. Thun
3625;Heiligenschwendi
3627;Heimberg
3628;Uttigen
3629;Jaberg
3629;Kiesen
3629;Oppligen
3631;
3633;Amsoldingen
3634;Thierachern
3635;Uebeschi
3636;Forst b. Längenbühl
3638;Blumenstein
3638;Pohlern
3645;Zwieselberg
3647;Reutigen
3653;Oberhofen am Thunersee
3655;Sigriswil
3661;Uetendorf
3662;Seftigen
3663;Gurzelen
3664;Burgistein
3665;Wattenwil
3671;Brenzikofen
3671;Herbligen
3672;Oberdiessbach
3673;Linden
3700;Spiez
3703;Aeschi bei Spiez 
3704;Krattigen
3706;Leissigen
3707;Därligen
3713;Reichenbach im Kandertal
3714;Frutigen
3714;Wengi b. Frutigen
3715;Adelboden
3716;Kandergrund
3718;Kandersteg
3752;Wimmis
3754;Diemtigen
3762;Erlenbach im Simmental
3763;Därstetten
3765;Oberwil im Simmental
3770;Zweisimmen
3775;Lenk
3782;Lauenen b. Gstaad
3785;Gsteig b. Gstaad
3792;Saanen
3800;Interlaken
3800;Matten b. Interlaken
3800;Unterseen
3803;Beatenberg
3804;Habkern
3806;Bönigen b. Interlaken
3807;Iseltwald
3812;Wilderswil
3813;Saxeten
3814;Gsteigwiler
3815;Gündlischwand
3816;Lütschental
3818;Grindelwald
3822;Lauterbrunnen
3852;Ringgenberg BE
3853;Niederried b. Interlaken
3854;Oberried am Brienzersee
3855;Brienz BE
3855;Schwanden b. Brienz
3856;Brienzwiler
3858;Hofstetten b. Brienz
3860;Meiringen
3860;Schattenhalb
3862;Innertkirchen
3864;Guttannen
3900;Brig-Glis 
3904;Naters
3905;Saas-Almagell
3906;Saas-Fee
3907;Gonten
3907;Simplon Dorf
3907;Simplon Hospiz
3907;
3908;Saas-Balen
3910;Saas-Grund
3911;Ried-Brig
3912;Termen
3914;Blatten b. Naters
3916;Ferden
3917;Kippel
3918;Wiler (Lötschen)
3919;Blatten (Lötschen)
3920;Zermatt
3922;Eisten
3922;Stalden VS
3923;Törbel
3924;St. Niklaus VS
3925;Grächen
3926;Embd
3929;Täsch
3930;Visp
3931;Lalden
3932;Visperterminen
3933;Staldenried
3934;Zeneggen
3935;Bürchen
3937;Baltschieder
3938;Ausserberg
3939;Eggerberg
3940;Steg VS
3942;Niedergesteln
3942;Raron
3943;Eischoll
3944;Unterbäch VS
3945;Gampel
3946;Turtmann
3947;Ergisch
3948;Oberems
3951;Agarn
3953;Inden
3953;Leuk Stadt
3953;Varen
3954;Leukerbad
3955;Albinen
3956;Guttet-Feschel
3960;
3960;Sierre
3961;Ayer
3963;Crans-Montana
3965;Chippis
3966;Chalais
3970;Salgesch
3971;Ollon VS
3979;Grône
3982;Bitsch
3983;Bister
3983;Mörel
3984;Fiesch
3984;Fieschertal
3985;
3987;Riederalp
3989;Biel-Benken BL
3992;Bettmeralp
3993;Grengiols
3994;Lax
3995;Ernen
3996;Binn
3997;Belmont-sur-Lausanne
4000;Basel
4001;Basel
4051;Basel
4052;Basel
4053;Basel
4054;Basel
4055;Basel
4056;Basel
4057;Basel
4058;Basel
4059;Basel Universitätsspital
4102;Binningen
4103;Bottmingen
4104;Oberwil BL
4105;Biel/Bienne
4106;Therwil
4107;Ettingen
4108;Witterswil
4112;Bättwil
4112;
4116;Metzerlen
4117;Burg im Leimental
4118;Rodersdorf
4123;Allschwil
4124;Schönenbuch
4125;Riehen
4126;Bettingen
4127;Birsfelden
4132;Muttenz
4133;Pratteln
4142;Münchenstein
4143;Dornach
4144;Arlesheim
4145;Gempen
4146;Hochwald
4147;Aesch (BL)
4148;Pfeffingen
4153;Reinach BL
4202;Duggingen
4203;Grellingen
4204;Himmelried
4206;Seewen SO
4207;Bretzwil
4208;Nunningen
4222;Zwingen
4223;Blauen
4224;Nenzlingen
4225;Brislach
4226;Breitenbach
4227;Büsserach
4229;Beinwil SO
4232;Fehren
4233;Meltingen
4234;Zullwil
4242;Laufen
4243;Dittingen
4244;Röschenz
4245;Kleinlützel
4246;Wahlen b. Laufen
4247;Grindel
4252;Bärschwil
4253;Liesberg
4302;Augst 
4303;Kaiseraugst
4304;Giebenach
4305;Olsberg
4310;Rheinfelden
4312;Magden
4313;Möhlin
4314;Zeiningen
4315;Zuzgen
4316;Hellikon
4317;Wegenstetten
4322;Mumpf
4323;Wallbach
4324;Obermumpf
4325;Schupfart
4332;Stein AG
4333;Münchwilen AG
4334;Sisseln AG
4402;Frenkendorf
4410;Liestal
4411;Seltisberg
4412;Nuglar-St. Pantaleon 
4413;Büren (SO) 
4414;Füllinsdorf
4415;Lausen
4416;Bubendorf
4417;Ziefen
4418;Reigoldswil
4419;Lupsingen
4422;Arisdorf
4423;Hersberg
4424;Arboldswil
4425;Titterten
4426;Lauwil
4431;Bennwil
4432;Lampenberg
4433;Ramlinsburg
4434;Hölstein
4435;Niederdorf
4436;Liedertswil
4436;Oberdorf BL
4437;Waldenburg
4438;Langenbruck
4441;Thürnen
4442;Diepflingen
4443;Wittinsburg
4445;Häfelfingen
4446;Buckten
4447;Känerkinden
4448;Läufelfingen
4450;Sissach
4451;Wintersingen
4452;Itingen
4453;Nusshof
4455;Zunzgen
4456;Tenniken
4457;Diegten
4458;Eptingen
4460;Gelterkinden
4461;Böckten
4462;Rickenbach BL
4463;Buus
4464;Maisprach
4465;Hemmiken
4466;Ormalingen
4467;Rothenfluh
4468;Kienberg
4469;Anwil
4492;Tecknau
4493;Wenslingen
4494;Oltingen
4495;Zeglingen
4496;Kilchberg BL
4497;Rünenberg
4500;Solothurn
4512;Bellach
4513;Langendorf
4514;Lommiswil
4515;Oberdorf SO
4522;Rüttenen
4524;Günsberg
4525;Balm b. Günsberg
4528;Zuchwil
4532;Feldbrunnen-St. Niklaus 
4533;Riedholz
4534;Flumenthal
4535;Hubersdorf
4535;Kammersrohr
4536;Attiswil
4537;Wiedlisbach
4538;Oberbipp
4539;Farnern
4539;Rumisberg
4542;Luterbach
4543;Deitingen
4552;Derendingen
4553;Subingen
4556;Bolken
4562;Biberist
4563;Gerlafingen
4564;Obergerlafingen
4564;Zielebach
4565;Recherswil
4566;Halten
4566;Kriegstetten
4566;Oekingen
4571;Lüterkofen
4573;Lohn-Ammannsegg
4574;Lüsslingen
4584;Lüterswil
4585;Biezwil
4588;Unterramsern
4600;Olten
4612;Wangen bei Olten
4613;Rickenbach SO
4613;Rickenbach Sulz
4614;Hägendorf
4616;Kappel SO
4617;Gunzgen
4618;Boningen
4622;Egerkingen
4623;Neuendorf
4624;Härkingen
4625;Oberbuchsiten
4626;Niederbuchsiten
4628;Wolfwil
4632;Trimbach
4633;Hauenstein-Ifenthal 
4634;Wisen SO
4652;Winznau
4653;Obergösgen
4654;Lostorf
4655;Stüsslingen
4656;Starrkirch-Wil
4657;Dulliken
4658;Däniken SO
4663;Aarburg
4665;Oftringen
4702;Oensingen
4704;Niederbipp
4710;Balsthal
4712;Laupersdorf
4713;Matzendorf
4714;Aedermannsdorf
4715;Herbetswil
4716;Welschenrohr
4717;Mümliswil
4718;Holderbank SO
4800;Zofingen
4802;Strengelbach
4803;Vordemwald
4805;Brittnau
4806;Wikon
4813;Uerkheim
4814;Bottenwil
4852;Rothrist
4853;Murgenthal
4900;Langenthal
4911;Schwarzhäusern
4912;Aarwangen
4913;Bannwil
4914;Roggwil (BE)
4917;Busswil bei Melchnau
4917;Melchnau
4919;Reisiswil
4923;Wynau
4932;Lotzwil
4932;
4933;Rütschelen
4937;Ursenbach
4938;Rohrbach
4938;Rohrbachgraben
4942;Walterswil BE
4943;Oeschenbach
4944;Auswil
4950;Huttwil
4952;Eriswil
4954;Wyssachen
4955;Gondiswil
4992;Thunstetten
5000;Aarau
5004;Aarau
5012;Eppenberg-Wöschnau 
5012;Schönenwerd
5013;Niedergösgen
5014;Gretzenbach
5015;Erlinsbach SO
5018;Erlinsbach (AG)
5023;Biberstein
5024;Küttigen
5026;Densbüren
5027;Herznach
5028;Ueken
5033;Buchs AG
5034;Suhr
5035;Unterentfelden
5036;Oberentfelden
5037;Muhen
5040;Schöftland
5042;Hirschthal
5043;Holziken
5044;Schlossrued
5046;Schmiedrued
5053;Staffelbach
5054;Kirchleerau
5054;Moosleerau
5056;Attelwil
5057;Reitnau
5058;Wiliberg
5062;Oberhof
5063;Wölflinswil
5064;Wittnau
5070;Frick
5072;Oeschgen
5073;Gipf-Oberfrick
5074;Eiken
5076;Bözen
5078;
5079;Zeihen
5080;Laufenburg
5082;Kaisten
5084;
5102;Rupperswil
5103;Möriken AG
5105;Auenstein
5106;Veltheim AG
5107;Schinznach Dorf
5112;Thalheim AG
5113;Holderbank AG
5116;Schinznach Bad
5200;Brugg AG
5210;Windisch
5212;Hausen AG
5213;Villnachern
5223;Riniken
5234;Villigen
5235;Rüfenach AG
5236;Remigen
5237;Mönthal
5242;Birr
5242;Lupfig
5243;Mülligen
5244;Birrhard
5245;Habsburg
5272;Gansingen
5300;
5300;Turgi
5303;Würenlingen
5304;Endingen
5306;Tegerfelden
5306;
5312;Döttingen
5313;Klingnau
5315;Böttstein
5316;Leuggern
5318;Mandach
5322;Koblenz
5324;Full-Reuenthal
5325;Leibstadt
5326;Schwaderloch
5400;Baden
5404;Baden
5408;Ennetbaden
5412;Gebenstorf
5413;Birmenstorf AG
5417;Untersiggenthal
5420;Ehrendingen
5423;Freienwil
5425;Schneisingen
5426;Lengnau AG
5430;Wettingen
5432;Neuenhof
5436;Würenlos
5442;Fislisbach
5443;Niederrohrdorf
5444;Künten
5445;Eggenwil
5452;Oberrohrdorf
5453;Remetschwil
5454;Bellikon
5462;Siglistorf
5465;Mellikon
5467;Fisibach
5502;Hunzenschwil
5503;Schafisheim
5504;Othmarsingen
5505;Brunegg
5506;Mägenwil
5507;Mellingen
5512;Wohlenschwil
5522;Tägerig
5524;Niederwil (AG)
5525;Fischbach-Göslikon
5600;Ammerswil 
5600;Lenzburg
5603;Staufen
5604;Hendschiken
5605;Dottikon
5606;Dintikon
5607;Hägglingen
5608;Stetten AG
5610;Wohlen (AG)
5612;Villmergen
5613;Hilterfingen
5614;Sarmenstorf
5615;Fahrwangen
5616;Meisterschwanden
5618;Bettwil
5619;Büttikon AG
5619;Uezwil
5620;Bremgarten AG
5621;Zufikon
5622;Waltenschwil
5623;Boswil
5624;Bünzen
5625;Kallern
5627;Besenbüren
5628;Aristau
5630;Muri AG
5632;Buttwil
5634;Merenschwand
5637;Beinwil (Freiamt)
5637;Geltwil
5642;Mühlau
5643;Sins
5644;Auw
5646;Abtwil AG
5647;Oberrüti
5702;Niederlenz
5703;Seon
5704;Egliswil
5705;Hallwil
5706;Boniswil
5707;Seengen
5708;Birrwil
5712;Beinwil am See
5722;Gränichen
5723;Teufenthal AG
5725;Leutwil
5726;Unterkulm
5727;Oberkulm
5728;Gontenschwil
5732;Zetzwil
5733;Leimbach AG
5734;Reinach (AG)
5736;Burg (AG) 
5737;Menziken
5742;Kölliken
5745;Safenwil
5746;Walterswil SO
6000;Luzern
6003;Luzern
6004;Luzern
6005;Luzern
6005;St. Niklausen LU
6006;Luzern
6010;Kriens
6014;Luzern
6015;Luzern
6017;Ruswil
6018;Buttisholz
6022;Grosswangen
6023;Rothenburg
6024;Hildisrieden
6026;Rain
6027;Römerswil LU
6030;Ebikon
6032;Emmen
6033;Buchrain
6034;Inwil
6036;Dierikon
6037;Root
6038;Gisikon
6038;Honau
6042;Dietwil
6043;Adligenswil
6044;Udligenswil
6045;Meggen
6048;Horw
6052;Hergiswil NW
6055;Alpnach 
6060;Sarnen
6063;Stalden (Sarnen)
6064;Kerns
6072;Sachseln
6074;Giswil
6078;Lungern
6083;Hasliberg Hohfluh
6084;Hasliberg Wasserwendi
6085;Hasliberg Goldern
6086;Hasliberg Reuti
6102;Malters
6103;Schwarzenberg LU
6106;Werthenstein
6110;Wolhusen
6112;Doppleschwand
6113;Romoos
6122;Menznau
6130;Willisau
6133;Hergiswil b. Willisau
6144;Zell LU
6145;Fischbach LU
6146;Grossdietwil
6147;Altbüron
6153;Ufhusen
6162;Entlebuch
6166;Hasle LU
6170;Schüpfheim
6173;Flühli LU
6182;Escholzmatt
6197;Schangnau
6203;Sempach Station
6204;Sempach
6205;Eich
6206;Neuenkirch
6207;Nottwil
6208;Oberkirch LU
6210;Sursee
6213;Knutwil
6214;Schenkon
6215;Beromünster
6216;Mauensee
6218;Ettiswil
6221;Rickenbach LU
6231;Schlierbach
6232;Geuensee
6233;Büron
6234;Triengen
6242;Wauwil
6243;Egolzwil
6244;Nebikon
6246;Altishofen
6247;Schötz
6248;Alberswil
6252;Dagmersellen
6260;Reiden
6264;Pfaffnau
6265;Roggliswil
6274;Eschenbach LU
6275;Ballwil
6276;Hohenrain
6280;Hochdorf
6285;Hitzkirch
6287;Aesch LU
6288;Schongau
6294;Ermensee
6300;Zug
6312;Steinhausen
6313;Menzingen
6314;Unterägeri
6315;Oberägeri
6318;Walchwil
6330;Cham
6331;Hünenberg
6333;Hünenberg See
6340;Baar
6343;Risch
6344;Meierskappel
6345;Neuheim
6353;Weggis
6354;Vitznau
6362;Stansstad
6370;Oberdorf (NW)
6370;Stans
6372;Ennetmoos
6373;Ennetbürgen
6374;Buochs
6375;Beckenried
6376;Emmetten
6377;
6377;Seelisberg
6383;Dallenwil
6386;Wolfenschiessen
6390;Engelberg
6404;Greppen
6415;Arth
6416;Steinerberg
6417;Sattel
6417;Saubraz
6418;Rothenthurm
6422;Steinen
6423;Seewen SZ
6424;Lauerz
6430;Schwyz
6432;Rickenbach b. Schwyz
6434;Illgau
6436;Muotathal
6442;Gersau
6443;Morschach
6452;Riemenstalden
6452;Sisikon
6454;Flüelen
6460;Altdorf (UR)
6461;Isenthal
6462;Seedorf UR
6463;Bürglen (UR) 
6464;Spiringen
6465;Unterschächen
6467;Schattdorf
6472;Erstfeld
6473;Silenen
6482;Gurtnellen
6484;Wassen UR
6487;Göschenen
6490;Andermatt
6490;
6491;Realp
6493;Hospental
6500;Bellinzona
6503;Bellinzona
6503;Bellmund
6516;Cugnasco
6516;
6533;Lumino
6533;
6535;Roveredo GR
6537;Grono
6540;Castaneda
6542;Buseno
6543;Calanca 
6544;Calanca 
6545;Calanca 
6546;Calanca 
6548;Rossa
6557;Cama
6558;Lostallo
6562;Soazza
6563;Mesocco
6592;
6593;Cadenazzo
6596;Gordola
6598;Tenero
6600;Locarno
6600;Muralto
6605;Locarno
6611;
6612;Ascona
6614;Brissago
6614;
6616;Losone
6616;
6622;Ronco sopra Ascona
6633;Lavertezzo
6644;Orselina
6645;Brione sopra Minusio
6647;Mergoscia
6648;Minusio
6670;Avegno
6673;Maggia
6675;Cevio
6676;
6682;Linescio
6683;Cerentino
6684;Campo (Vallemaggia)
6685;Bosco/Gurin
6710;Biasca
6710;
6715;
6716;Acquarossa
6718;
6719;
6742;Pollegio
6743;Bodio TI
6744;Personico
6745;Giornico
6760;Faido
6773;Prato (Leventina)
6774;Dalpe
6777;Quinto
6780;Airolo
6781;Bedretto
6802;Rivera
6803;
6805;Mezzovico
6808;Torricella
6810;Isone
6814;Cadempino
6814;Lamone
6815;Melide
6816;Bissone
6817;Maroggia
6818;Melano
6821;Rovio
6822;Arogno
6826;Riva San Vitale
6827;Brusino Arsizio
6828;Balerna
6830;Chiasso
6833;
6833;Vacallo
6834;Morbio Inferiore
6850;Mendrisio
6855;Stabio
6874;Castel San Pietro
6877;Coldrerio
6883;Novazzano
6900;Lugano
6900;Massagno
6900;Paradiso
6915;
6916;Grancia
6921;Vico Morcote
6922;Morcote
6924;Sorengo
6928;Manno
6929;Gravesano
6930;Bedano
6933;Muzzano
6934;Bioggio
6935;Bosco Luganese
6936;Cademario
6942;Savosa
6943;Vezia
6944;Cureglia
6945;Origlio
6946;Ponte Capriasca
6948;Porza
6949;Comano
6950;Capriasca
6952;Canobbio
6980;
6981;Bedigliora
6982;Agno
6983;Magliaso
6984;Pura
6986;Curio
6986;Miglieglia
6986;Novaggio
6987;Caslano
6991;Neggio
6992;Vernate
6994;Aranno
6999;Astano
7000;Chur
7012;Felsberg
7013;Domat/Ems
7014;Trin
7015;Tamins
7017;Flims Dorf
7018;Flims Waldhaus
7031;Laax GR 2
7032;
7032;Lachen SZ
7050;Arosa
7064;Tschiertschen
7075;Churwalden
7082;Vaz/Obervaz
7083;Lantsch/Lenz
7104;
7130;Ilanz
7132;Vals
7134;
7151;Schluein
7152;Sagogn
7153;Falera
7158;Waltensburg/Vuorz
7165;Breil/Brigels
7166;Trun
7175;Sumvitg
7180;Disentis/Mustér
7203;Trimmis
7204;Untervaz
7205;Zizers
7208;Malans GR
7212;Seewis Dorf
7214;Grüsch
7214;Seewis-Pardisla
7214;Seewis-Schmitten
7220;Schiers
7232;Furna
7233;Jenaz
7235;Fideris
7240;Küblis
7241;Conters im Prättigau
7242;Luzein
7250;Klosters
7260;Davos Dorf
7265;Davos Wolfgang
7270;Davos 
7272;Davos Clavadel
7276;Davos Frauenkirch
7277;Davos Glaris
7278;Davos Monstein
7302;Landquart
7304;Maienfeld
7306;Fläsch
7307;Jenins
7310;Bad Ragaz
7312;Pfäfers
7320;Sargans
7320;
7324;Vilters
7402;Bonaduz
7403;Rhäzüns
7404;
7405;Rothenbrunnen
7408;Cazis
7411;Sils im Domleschg
7412;Scharans
7414;Fürstenau
7425;Masein
7426;Flerden
7427;Urmein
7428;Tschappina
7430;Rongellen
7430;Thusis
7432;Zillis
7433;
7434;Sufers
7440;Andeer
7443;
7444;
7447;
7482;Bergün/Bravuogn
7493;Schmitten (Albula)
7500;St. Moritz
7502;Bever
7503;Samedan
7504;Pontresina
7505;Celerina/Schlarigna
7513;Silvaplana
7513;Silvaplana-Surlej
7514;Sils/Segl Maria
7515;Sils/Segl Baselgia
7522;La Punt-Chamues-ch
7523;Madulain
7524;Zuoz
7525;S-chanf
7530;Zernez
7532;
7550;Scuol
7554;
7562;Samnaun-Compatsch
7563;Samnaun Dorf
7742;Poschiavo
7743;Brusio
8000;Zürich
8001;Zürich
8002;Zürich
8003;Zürich
8004;Zürich
8005;Zürich
8006;Zürich
8008;Zürich
8032;Zürich
8037;Zürich
8038;Zürich
8041;Zürich
8044;Zürich
8045;Zürich
8046;Zürich
8047;Zürich
8048;Zürich
8049;Zürich
8050;Zürich
8051;Zürich
8052;Zürich
8053;Zürich
8055;Zürich
8057;Zürich
8063;Zürich
8064;Zürich
8099;Zürich
8102;Oberengstringen
8103;Unterengstringen
8104;Weiningen ZH
8105;Regensdorf
8107;Buchs ZH
8108;Dällikon
8112;Otelfingen
8113;Boppelsen
8114;Dänikon 
8115;Hüttikon
8117;Fällanden
8124;Maur
8126;Zumikon
8132;Egg
8134;Adliswil
8135;Langnau am Albis
8142;Uitikon Waldegg
8143;Stallikon
8152;Opfikon
8153;Rümlang
8154;Oberglatt ZH
8155;Niederhasli
8157;Dielsdorf
8158;Regensberg
8162;Steinmaur
8164;Bachs
8165;Oberweningen
8165;Schleinikon
8165;Schöfflisdorf
8166;Niederweningen
8172;Niederglatt
8173;Neerach
8174;Stadel b. Niederglatt
8180;Bülach
8181;Höri
8182;Hochfelden
8184;Bachenbülach
8185;Winkel
8187;Weiach
8192;Glattfelden
8193;Eglisau
8194;Hüntwangen
8195;Wasterkingen
8196;Wil ZH
8197;Rafz
8200;Schaffhausen
8203;Schaffhausen
8207;Schaffhausen
8208;Schaffhausen
8212;Neuhausen am Rheinfall
8213;Neunkirch
8214;Gächlingen
8215;Hallau
8216;Oberhallau
8217;Wilchingen
8219;Trasadingen
8222;Beringen
8224;Löhningen
8225;Siblingen
8226;Schleitheim
8228;Beggingen
8232;Merishausen
8233;Bargen (SH) 
8234;Stetten SH
8235;Lohn SH
8236;Büttenhardt
8239;Dörflingen
8240;Thayngen
8245;Feuerthalen
8247;Flurlingen
8252;Schlatt TG
8253;Diessenhofen
8254;Basadingen
8259;Wagenhausen
8260;Stein am Rhein
8261;Hemishofen
8262;Ramsen
8263;Buch SH
8264;Eschenz
8265;Mammern
8266;Steckborn
8267;Berlingen
8267;Bern
8268;Salenstein
8272;Ermatingen
8274;Gottlieben
8274;Tägerwilen
8280;Kreuzlingen
8302;Kloten
8303;Bassersdorf
8304;Wallisellen
8305;Dietlikon
8307;
8309;Nürensdorf
8311;Brütten
8315;Lindau
8320;Fehraltorf
8330;Pfäffikon ZH
8332;Russikon
8335;Hittnau
8340;Hinwil
8344;Bäretswil
8352;Elsau
8353;Elgg
8355;Aadorf
8360;Eschlikon TG
8363;Bichelsee
8370;Bussy FR
8370;Sirnach
8371;
8376;Fischingen
8400;Winterthur
8404;Stadel (Winterthur)
8404;Winterthur
8405;Winterthur
8406;Winterthur
8408;Winterthur
8409;Winterthur
8412;Aesch (SO)
8413;Neftenbach
8414;Buch am Irchel
8415;Berg am Irchel
8416;Flaach
8418;Schlatt b. Winterthur
8421;Dättlikon
8422;Pfungen
8424;Embrach
8425;Oberembrach
8426;Lufingen
8427;Freienstein-Teufen
8427;Rorbas
8442;Hettlingen
8444;Henggart
8447;Dachsen
8450;Andelfingen
8451;Kleinandelfingen
8454;Buchberg
8455;Rüdlingen
8457;Humlikon
8458;Dorf
8459;Volken
8460;Marthalen
8462;Rheinau
8463;Benken ZH
8466;Trüllikon
8467;
8467;Truttikon
8468;Waltalingen
8471;Dägerlen
8472;Seuzach
8474;Dinhard
8475;
8475;Ossingen
8478;Thalheim an der Thur
8479;Altikon
8484;Weisslingen
8487;Zell ZH
8488;Turbenthal
8489;Wildberg
8492;Wila
8494;Bauma
8496;Steg im Tösstal
8497;Fischenthal
8500;Frauenfeld
8505;Pfyn
8508;Homburg
8512;Thundorf
8514;Amlikon-Bissegg
8523;Hagenbuch 
8524;Uesslingen
8532;Warth
8535;Herdern
8536;Hüttwilen
8542;Wiesendangen
8545;Rickenbach ZH
8545;Rickenbach ZH
8547;Gachnang
8548;Ellikon an der Thur
8552;Felben-Wellhausen
8553;Hüttlingen
8554;Müllheim-Wigoltingen
8555;Müllheim Dorf
8556;Wigoltingen
8558;Raperswilen
8560;Märstetten
8564;Wäldi
8570;Weinfelden
8572;Berg (TG)
8574;Lengwil-Oberhofen
8575;Bürglen (TG) 
8577;Schönholzerswilen
8580;Amriswil
8580;Hefenhofen
8580;Sommeri
8582;Dozwil
8583;Sulgen
8585;Birwinken
8585;Langrickenbach
8586;Erlen
8588;Zihlschlacht
8590;Romanshorn
8592;Uttwil
8593;Kesswil
8594;Güttingen
8595;Altnau
8596;Münsterlingen
8598;Bottighofen
8599;Salmsach
8600;Dübendorf
8603;Schwerzenbach
8604;Volketswil
8606;Greifensee
8608;Bubikon
8610;Uster
8617;Mönchaltorf
8618;Oetwil am See
8620;Wetzikon (ZH)
8623;Wetzikon (ZH)
8625;Gossau (ZH)
8627;Grüningen
8630;Rüti (ZH)
8634;Hombrechtikon
8635;Dürrenäsch
8636;Wald ZH
8637;Laupen ZH
8640;Rapperswil SG
8700;Küsnacht ZH
8702;Zollikon
8703;Erlenbach (ZH)
8704;Herrliberg
8706;Meilen
8707;Uetikon am See
8708;Männedorf
8712;Stäfa
8715;Rapperswil-Jona
8716;Schmerikon
8717;Benken (SG)
8718;Schänis
8722;Kaltbrunn
8725;Gommiswald
8730;Uznach
8733;Eschenbach SG
8737;Gommiswald
8750;Glarus
8752;
8800;Thalwil
8802;Kilchberg ZH
8803;Rüschlikon
8805;Richterswil
8807;Freienbach
8808;Pfäffikon SZ
8810;Horgen
8820;Wädenswil
8832;Wollerau
8835;Feusisberg
8840;Einsiedeln
8842;Unteriberg
8843;Oberiberg
8847;Egg SZ
8852;Altendorf
8854;Galgenen
8855;Wangen SZ
8856;Tuggen
8857;Vorderthal
8858;Innerthal
8862;Schübelbach
8863;Schübelbach
8864;Reichenburg
8872;Weesen
8880;Walenstadt
8883;Quarten
8887;Mels
8890;Flums
8893;Flums Hochwiese
8902;Urdorf
8903;Birmensdorf (ZH)
8904;Aesch ZH
8905;Arni (AG) 
8905;Islisberg
8906;Bonstetten
8907;Wettswil
8908;Hedingen
8910;Affoltern am Albis
8911;Rifferswil
8912;Obfelden
8913;Ottenbach
8914;Aeugst am Albis
8915;Hausen am Albis
8916;Jonen
8917;Oberlunkhofen
8918;Unterlunkhofen
8926;Kappel am Albis
8932;Mettmenstetten
8933;Maschwanden
8934;Knonau
8942;Oberrieden
8952;Schlieren
8953;Dietikon
8954;Geroldswil
8955;Oetwil an der Limmat
8956;Killwangen
8957;Spreitenbach
8962;Bergdietikon
8964;Rudolfstetten
8965;Berikon
8966;Oberwil-Lieli
8967;Widen
9000;St. Gallen
9007;St. Gallen
9008;St. Gallen
9010;St. Gallen
9011;St. Gallen
9012;St. Gallen
9014;St. Gallen
9015;St. Gallen
9016;St. Gallen
9033;Untereggen
9034;Eggersriet
9035;Grub AR
9038;Rehetobel
9042;Speicher
9043;Trogen
9044;Wald AR
9050;Appenzell
9050;
9050;
9053;Teufen AR
9055;Bühler
9056;Gais
9057;Schwende
9063;Stein AR
9064;Hundwil
9100;Herisau
9103;Schwellbrunn
9104;Waldstatt
9105;
9105;Schönengrund
9107;Urnäsch
9113;Degersheim
9127;St. Silvester
9200;Gossau SG
9204;Andwil (SG) 
9205;Waldkirch
9213;Hauptwil
9214;Kradolf
9216;Hohentannen
9220;Bischofszell
9230;Flawil
9231;Egg (Flawil)
9240;Niederglatt
9240;Uzwil
9242;Oberuzwil
9243;Jonschwil
9245;Oberbüren
9246;Niederbüren
9300;Wittenbach
9305;Berg SG
9312;Häggenschwil
9313;Muolen
9320;Arbon
9322;Egnach
9323;Steinach
9325;Roggwil TG
9326;Horn
9327;Tübach
9400;Rorschach
9402;Mörschwil
9403;Goldach
9404;Rorschacherberg
9410;Heiden
9411;Reute AR
9413;Oberegg
9424;Rheineck
9425;Thal
9426;Lutzenberg
9427;Wolfhalden
9428;Walzenhausen
9430;St. Margrethen SG
9434;Au (SG) 
9436;Balgach
9437;Marbach SG
9442;Berneck
9443;Widnau
9444;Diepoldsau
9445;Rebstein
9450;Altstätten
9453;Eichberg
9463;Oberriet SG
9464;Rüthi (Rheintal)
9466;Sennwald
9470;Buchs (SG)
9472;Grabs
9473;Gams
9475;Sevelen
9478;Azmoos
9479;Malans SG
9500;Wil SG
9502;Braunau
9506;Lommis
9507;Stettfurt
9514;Wuppenau
9524;Zuzwil SG
9527;Niederhelfenschwil
9532;Rickenbach (TG) 
9532;Rickenbach
9533;Kirchberg (SG)
9542;Münchwilen (TG)
9543;St. Margarethen TG
9545;Wängi
9548;Matzingen
9553;Bettwiesen
9555;Tobel
9556;Affeltrangen
9565;Bussnang
9601;Bütschwil-Ganterschwil
9601;Lütisburg Station
9604;Lütisburg
9606;Bütschwil-Ganterschwil
9607;Bütschwil-Ganterschwil
9607;Mosnang
9608;Bütschwil-Ganterschwil
9614;Bütschwil-Ganterschwil
9615;Bütschwil-Ganterschwil
9620;Bütschwil-Ganterschwil
9620;Lichtensteig
9621;Bütschwil-Ganterschwil
9621;Oberhelfenschwil
9622;Bütschwil-Ganterschwil
9630;Wattwil
9633;Hemberg
9642;Ebnat-Kappel
9650;Nesslau
9658;Wildhaus
8248;Laufen-Uhwiesen 
8156;Niederhasli 
5645;Aettenschwil 
3436;Rüderswil 
5415;Obersiggenthal 
5332;Zurzach
7323;Vilters-Wangs 
3363;Herzogenbuchsee 
8356;Aadorf
9435;Au (SG)
5330;Zurzach
3027;Bern
8362;Bichelsee-Balterswil 
3902;Brig-Glis
8238;Büsingen
1568;Delley-Portalban
8632;Dürnten
3536;Eggiwil
9452;Eichberg
6020;Emmen
8546;Gachnang
8868;Glarus Nord
8762;Glarus Süd 
2854;Haute-Sorne 
6440;Ingenbohl
3063;Ittigen
5466;Zurzach
3097;Köniz
3095;Köniz
3174;Köniz
6012;Kriens
6403;Küssnacht (SZ)
3552;Langnau im Emmental
8310;Lindau
8122;Maur
9526;Niederhelfenschwil 
3999;Obergoms 
9451;Oberriet
5415;Obersiggenthal
6263;Reiden
3183;Schwarzenburg
9469;Sennwald
9244;Uzwil
8804;Wädenswil
9552;Wil (SG) 
9535;Wilen (TG) 
6132;Willisau
6142;Willisau
3032;Wohlen bei Bern
8483;Zell (ZH)