"","m","ResponseId.wave1","ResponseId.wave2"
"1",229678093154327,"R_0dg1Hw00DVaqtzz","R_1DC5nrZ8uUaZwqY"
"2",229320606084260,"R_0OfdToodUAnFM6B","R_2OGwTX83fhyDNnI"
"3",229678093372428,"R_0OolMie4oWOnlJv","R_2492pCKHqf5dlKi"
"4",229255657997387,"R_0TmEasAMNDaTx73","R_2uTLa7HMnc5Gs9E"
"5",229677069783098,"R_10TQ9M87QSuIqpq","R_1mt96mbxkfZ8oJc"
"6",230296025238534,"R_10ZfwML5Q6HbOBv","R_1pyPj6pxQTGpmoY"
"7",229321437670402,"R_114x80EEaCoWOK0","R_3xe9GWONYDTpSKZ"
"8",229256171561183,"R_11bfomFynMxQ2HS","R_2e4gsRcT2FLvlEh"
"9",229320605939886,"R_11crUzIYPdbRfiF","R_stD5sQvmIeLJCtr"
"10",229409893558502,"R_122NLeAz7IQz6Db","R_24pwPmPBXaNb1Jp"
"11",229409893567654,"R_123mcZ5Ghsa8y8U","R_2pVN9xJPvGeQwTl"
"12",229255657952395,"R_1253hukGlxFYfER","R_ZvZNUw4EfkNkyCl"
"13",229409893556414,"R_12DTHefOjls1akp","R_yEXDxhzyve1juHD"
"14",229678093243470,"R_12i4SXq1sTQbnI2","R_3PB2Ltxuh03nSYU"
"15",229855352032472,"R_12KA26bT3vvPUxO","R_3K7ud1ITarVlcMF"
"16",229320605959210,"R_12McFRO8avvy3pt","R_1Q5SORbIaDcvhXw"
"17",229256171672827,"R_12nkx2QU4KAOjzq","R_WetzP6sCYnlwhs5"
"18",229242450030694,"R_12sASZ4D9fY0jtV","R_w5XWAQ49QLmCWfD"
"19",229678093270176,"R_12zZPiBUIW0qjxi","R_3NEcJYl36tldrhz"
"20",229166066778304,"R_1C4wdUlbfbQ1hML","R_8hNT7jXVSBb9qhP"
"21",229242449956909,"R_1CaoCMfaarSxBtF","R_Rkm2OIdJcP6tieZ"
"22",229242295761139,"R_1CdA8mHseMZSYAc","R_sziDyRIyZS2XPAR"
"23",229677069772955,"R_1Cf6yTr5MYyJtR8","R_88FkXzzd92InUJP"
"24",229409893560330,"R_1CpbbcLiMzHifTD","R_2tbb14YphaE4xH6"
"25",229255658003638,"R_1d9WC22juoRU6UJ","R_12ncLRlhWhSi4HC"
"26",229255658041440,"R_1dFaniBnw4OZYyy","R_3eXIx145q24P5ct"
"27",229409893636180,"R_1DpZ2imN1WBm1c6","R_3GBwXjMcRyWH99O"
"28",229321437858830,"R_1dtb3TlGOCmUA69","R_3dWXqIgiMohp3v6"
"29",229758201742380,"R_1dtQ89qnhvDRtCJ","R_3nNQbVPzRGKWTvf"
"30",229677069772958,"R_1DvYPnMPDojvXzI","R_3PufoRoPfelYFwl"
"31",229410207421640,"R_1DwD6QWJ1LcwYXv","R_1CeTcMn0lbUzusP"
"32",229255657928942,"R_1DYavCLz1ceAMY4","R_pDyGasdoI2EyTa9"
"33",229321437583507,"R_1eItHzwa9LsrDs3","R_2e8zf4yA6aADPCx"
"34",229409893558497,"R_1F4k8KPay3Z7kp4","R_PBTyt7WzyZvjzhv"
"35",229321437921368,"R_1F94axNpIB5vuou","R_2Vr5HURfk3ALUOy"
"36",229321438243967,"R_1FBk1b6s6Ugkr97","R_2OZmN3GX1csFnvS"
"37",229256171644062,"R_1FDtuG3k56IdBXy","R_2s56lo4tG3fLjIQ"
"38",229855351994462,"R_1fl2MTowCfCRhG0","R_2E4XZ1gU8UuEcy2"
"39",229166416667863,"R_1FQVElWKrunBigd","R_2fx5TdeHZkzu7SR"
"40",229320605940944,"R_1gGgLAtf6daWkoB","R_1rJ1QlgXJMaeq34"
"41",229256171709564,"R_1ghcFo1JrTvT8DO","R_21u3i7hJZiGF7q8"
"42",229242449966323,"R_1giJxdmvvymiV9n","R_3fTRdl9Y4HIzfQI"
"43",229166066788472,"R_1gIlDrlegDFV6sF","R_3M0xwiuX0tjd8ZJ"
"44",230469411957892,"R_1gNKKT2BjaM2i4g","R_1cYyqwuVjx1HrFm"
"45",229321438210114,"R_1gNlZZdQIAPxbdw","R_2SoeQbtedg9U7A9"
"46",229409893605426,"R_1Gy9AeUKqoHNGek","R_2q3jFjpu8freoQG"
"47",229321438330936,"R_1H8LLFUTNt7leVR","R_2D6c4MB4OoCIkDm"
"48",229677069777112,"R_1hH0gbNZowjmFne","R_3qwf7JTBzYxKCgd"
"49",229409893567644,"R_1Hi6v3EBgholEqM","R_W9DhX6A0Itwctt7"
"50",229409893637217,"R_1hzJ87rgsFUNEvo","R_1dGnuEDDeFDb6qd"
"51",229677069801550,"R_1I3Fm74ZDEJUWVt","R_CdHSDDR8IXmD1jr"
"52",229678093184174,"R_1I4608oEAcr8qZ5","R_3KTwRSPp3KkukEt"
"53",229410206780427,"R_1i4KE9gxWSexZgC","R_4GWm9Ta9Kjzy2E9"
"54",229255657947188,"R_1i5sFl38pMZRzhx","R_3QPZLvzZvpyN968"
"55",229410207386675,"R_1Isk7x4MMVzR6oS","R_2EzrxrOnJkcxDmK"
"56",229242449968175,"R_1j8SoIjXPT4DTvP","R_3nouJkI0EPchv0K"
"57",229256171676680,"R_1JF7XaAKoJRpbIc","R_1rq6oBNP3dfuJSh"
"58",229242449963187,"R_1jlhdlFwaaQA59K","R_2tzlX1mX1CPkNHm"
"59",229256171671793,"R_1jxNAbcEEMGNBkz","R_sZ5hFn2aGEar5K1"
"60",229242449982562,"R_1k23tDbzBDJCCYn","R_1PdvSyRjroeuRch"
"61",229678093415665,"R_1K3H42hqGnqinn0","R_3rGtK5dTnqFVCjc"
"62",229678093101134,"R_1K8x1AoIHGdYEdL","R_22LmAhnuYngmKbY"
"63",229242295868534,"R_1KdVL9CKXXnCwiP","R_3Jfm7oG4vSdjKOY"
"64",229409893574684,"R_1KjrZK9wyaht0Yi","R_1jOhygKAl2j4uoW"
"65",229677069754513,"R_1KjsPrPEuumwKtb","R_1Fb60FleWdn0RUE"
"66",229256171907291,"R_1kMmTGmvgH9gulq","R_2w7AymsBq0kFlRS"
"67",229256171556050,"R_1kNYEgfcdgcFO51","R_2OTsX0VoE5sGvbN"
"68",229242295796801,"R_1kOBGI4XPIWWLy6","R_sM5369cj2ZAYOsN"
"69",229855352005760,"R_1KpqCfkR85ApDEQ","R_1OI9sjzqAoq5VTd"
"70",229242449956923,"R_1KuKiaIDKfwR9fT","R_1jxnsKE1PsOW2ud"
"71",229409893558499,"R_1l51CHacIzAAOYr","R_blT9RFPb7Be5eRr"
"72",229242449960055,"R_1laeW4H0RHUBzsH","R_3rzrxxCG9fLy6pr"
"73",229409893568680,"R_1LBcVCh8pm4Wlva","R_3QFrmHKrdNNttqa"
"74",229409893611680,"R_1LGa0LGSDycaZxU","R_20MCNf1iYVfsbyx"
"75",229678093115531,"R_1LI64yNOZO7C7l3","R_30jwO1Q51T1Oqua"
"76",229255657942219,"R_1Liem5kTbkr14lF","R_2dzIMFCeBrnYXrM"
"77",229677069754519,"R_1LM7eqPSPvv6cnA","R_26buS4VBqPDXu4Q"
"78",229256171670763,"R_1LoIjURU32wpqKF","R_22DlIOA1QuwsRtH"
"79",229758453883093,"R_1LRQAdfNJTKMgGI","R_RrWEqa504IT11n3"
"80",229409893581988,"R_1LSfZXKQq13jmcJ","R_10pBdcRCpngqXjW"
"81",229409893578856,"R_1lsN4gAk00nyLx9","R_2sZMR3HZgebyC7G"
"82",229855352055869,"R_1LUSiI51StMj2fs","R_3HTDoD3sdEXRJ69"
"83",229855352002681,"R_1LvCjhF0EEOqlAp","R_12fHiuDKnfCHBwJ"
"84",230469411964067,"R_1M0xHfneKLAhQMR","R_2V8sidAyrLfM799"
"85",229320605936754,"R_1mdW7cgT4seyyqQ","R_2xK4m6fzER4JIVP"
"86",229255657933879,"R_1mEKYPdbW4MPIrp","R_2A0ZyfHN8PF2erE"
"87",229855352122461,"R_1mgS3o7laschj5y","R_2CQ8YyzW1RpRmOa"
"88",229320605970439,"R_1mQvIIkrYWPyK9D","R_3oENSp13RG6glC5"
"89",229242295749656,"R_1mRClohcHMkdAdv","R_XtEy0k8gPjhhQ3f"
"90",229678093163595,"R_1mwQU5GVzlTar7A","R_2CZMbro8CP9Uu5t"
"91",229409893553280,"R_1MWyS3TUczp278V","R_2AYJXywwVu6QGs3"
"92",229255657938043,"R_1NaaqSLkXYb5DrA","R_RKqHmKR3xJkYtax"
"93",229242449956912,"R_1Ntv8wpML03b7xm","R_efXCEpWlSglm0g1"
"94",229320605958184,"R_1o1EUzmkWnI0L6v","R_291jqH1l086hM3H"
"95",229256171630718,"R_1o1iNts3exPmieU","R_2ZOLtO5eQcxaywi"
"96",229937963356233,"R_1obtEN1KAT8Ivsq","R_3MPAl1HRGhuO15w"
"97",229242450035926,"R_1oGDoYaN0EHfSOZ","R_Ybr1hoXT0OQo277"
"98",229758453888227,"R_1ogUn1QrTtO0BPT","R_1I4WlAa3OiJqVwK"
"99",229321437677579,"R_1oImsaAeBtJQuJd","R_1FmtO0YnX1gLS41"
"100",229166416665777,"R_1okjaSmNIcl4O4y","R_2YSB2Ar1L0afUeM"
"101",229242295742617,"R_1OktPLDHHWKRHhV","R_zdofFPepnmXbyFP"
"102",229677069763602,"R_1OOWbFEaUfw4nNq","R_3gZRuNUJsE7IDtm"
"103",229677069775045,"R_1otmNfK7mAWtgZD","R_1rw4iW8Em9oSO65"
"104",229409893555368,"R_1ozl0QYygIw2niA","R_27k8PbNPolq0QAU"
"105",229758453932074,"R_1pE9CDJuuBYcoF8","R_1LFH0LOWi9Yz49r"
"106",229242450019449,"R_1pLjkduyxId8PDO","R_2DOdBo6U9ALFufg"
"107",229677069756589,"R_1pQeLLBceDEDdP7","R_cumm5I9DifLtTPz"
"108",229855352039662,"R_1prLq4RJil17Iht","R_1QcQf40hnZ8IGIv"
"109",229320605939889,"R_1prs2kZZr8m54pO","R_1NaFm6LK1x6V9gF"
"110",229409893589029,"R_1PTVJyJDELkhvLL","R_3HGnvl8ph4ituaK"
"111",229758453882067,"R_1pWkYnvOiwS0XUO","R_2Y9WhVvkCDyq3KU"
"112",229242295748626,"R_1pXWlt9fDYhaR3c","R_1PZfkT8XYl42PDz"
"113",229320606018720,"R_1q7E4y4PrqP1PL6","R_3g18M4zbTwAqVh1"
"114",229410207199454,"R_1QAYO8t7hFR1nXp","R_4THnRrSaFkyGZoJ"
"115",229255657938040,"R_1QlOVkUcUhO7Ja9","R_30fcPq6axMgBolc"
"116",229855352125597,"R_1QLVecSrgBB3TF7","R_3CINlYRwGPISJ35"
"117",229242295766095,"R_1QN6OUxkKwgceLu","R_5urbZCQJoc2Yv7j"
"118",229242295811148,"R_1QsyXVG8aCHPSpq","R_2U4JJgoRrHPqxRx"
"119",229242295804087,"R_1QxR1QCXiVrgpRz","R_udzH4UN1P064VWh"
"120",229409893556415,"R_1rdfPw9w9wywNly","R_2qsbwlWVgx3U2Ga"
"121",229321438376071,"R_1rf8RkKm64iSMMO","R_2WAJRrWbWwkXh4E"
"122",230296024624230,"R_1rfEcoDe8h656K4","R_sA7Re0aES3EZ7vH"
"123",229758454231173,"R_1rfrFquUHpIwJiu","R_3fpDyJOpJ1Eg7nH"
"124",229166416657657,"R_1rHAC97MaIFeZQs","R_3D2zYtpdbhtT6vH"
"125",229242295805140,"R_1rwaK99dyb5OiNx","R_2rMazT4mo70rBsf"
"126",229320605958180,"R_1XjuiSN8BMQqvq9","R_26o2dqIsY2j0ikn"
"127",229678093381679,"R_20MeHHXsTnlbV9o","R_263IFUYHOUdE9SR"
"128",229255657942218,"R_20Ov8RSteb1ii4S","R_3EDOF5X2jihdhSP"
"129",229242450014215,"R_20PrGSgbrqfLXmF","R_2TXIK6VleUaA37H"
"130",229242450002158,"R_20TCFE2SuJlAdd3","R_SDftbHpcLbTJRdv"
"131",229678093294826,"R_21aGdDDHglzuebV","R_3EmcbAxB2fgWfm5"
"132",229166066782222,"R_21aXH4qkpWoMUfc","R_1I6MKxO41jAt15N"
"133",229855351995492,"R_21bvhgPlUiTqwQa","R_YcCAFctVTYMnngZ"
"134",229409893579886,"R_21ctbCYRWseYocx","R_1dodXvys6NxgTR9"
"135",229320606005406,"R_21HBUv3fiehWFkD","R_3iq9Qrw3esWRHLJ"
"136",229677069756595,"R_21suA2PX6p1Ism0","R_3EaPiC8QBqrdCzv"
"137",229242449956922,"R_22Gm4uvMmbgC5DE","R_21hMGEwDlPxhjIx"
"138",229242449974438,"R_22Jq692U13FYFUt","R_2ZCBDZDzOb6z8WQ"
"139",229255657935968,"R_22PLy8f4obVWnmz","R_3R4pVcd0KlBWl4V"
"140",229409893551191,"R_22tTxe5Wf46p8v3","R_2P4JBo0bhSklWm8"
"141",229242295738451,"R_2316XoX4fkvFvf4","R_2b4cSi6KufHEXQf"
"142",229320606011397,"R_231rtRsvBjO69aO","R_2170LJegYGhKWPO"
"143",229255657936996,"R_234fD5Z9iTrtGwl","R_12nepXyOEnwLAif"
"144",229855352130794,"R_23dhBmmmpedny6z","R_2Bm2KJXRyABauyk"
"145",229677069755544,"R_25BgHpAMTkdum05","R_2rU8sA0U715NiEp"
"146",229677069763603,"R_25BnA7CPqUqo20h","R_1Dw12dAWVKw9xMK"
"147",229255657939091,"R_25sc4jWiebwhoSv","R_1gLvjTZg4QNX5QS"
"148",229410206609516,"R_25Sz5fHNDdvNDtK","R_O6yvEF2xIRQ495D"
"149",229321438387356,"R_25tgtjEGT1tmYni","R_1F97pVdAYa0AR1X"
"150",229409893573885,"R_25XCGvSK7fFBeWQ","R_1Bw9BeGQL8DHYUF"
"151",229678093435043,"R_269XIaqM07m1U0K","R_3KSHZzbgYF0hmWN"
"152",229242295822351,"R_26eY9IqDmD0nVPG","R_2dGR1ye0yw7G94w"
"153",229320605943813,"R_26fku5eEp2Qj9zm","R_2TR9UuVKt2Jw0Ai"
"154",229937963343935,"R_26loy7keZ66nKb4","R_RnnchR9GUfX0ytz"
"155",229321438098546,"R_26lt8YAsRBjSSkx","R_ToAwS1lLBvXxWW5"
"156",229166416665772,"R_279DrW8COJ7EWg9","R_1GHQl4ynOuXKsoJ"
"157",229677069787271,"R_27BQw91OKVlhWPj","R_3D22i7cfYJncBeS"
"158",229242449960046,"R_27eATTdBXeYG3tx","R_YVse2xBKz1KBkEF"
"159",229677069756609,"R_27I3NTchpL5dg6a","R_1H6Rjj0awqzoXyO"
"160",229677069755553,"R_27JPdjUCRJVPpPD","R_3NFkiMPlq1ujKz7"
"161",229410207207669,"R_27paz7ivFJBQEwk","R_2YKwMWQVUVMr2UE"
"162",229409893614815,"R_28UI6S5JgZB4fRG","R_2trlsJrfwYEN5I7"
"163",229409893603348,"R_29iyunHJ5FsrRr3","R_DkR6Ku8TUssOSel"
"164",229256171581482,"R_2ag9KO7neo6tVIm","R_3khTb6ohZTEw1uj"
"165",229321437739104,"R_2ahLJVgIViB6bu6","R_1MK61RcnsRnWNLS"
"166",229256171622503,"R_2aIvH7bEKgmeRSd","R_3pkY5QiTao68mOf"
"167",229678093138135,"R_2AMfF4aom3GcQs1","R_cUssRwZ7X6KVAKR"
"168",229256171741387,"R_2AMhKoUk1l2B7aY","R_RCgfxvMaSTFEMEx"
"169",229409893614809,"R_2ANL6TUtu4Hof3w","R_3PMDY8ouNSnNQBG"
"170",229678093275314,"R_2aOZbvUCWCaZgT8","R_3lPRoXD0peSUgP1"
"171",229255657932828,"R_2AQG0rzvUe5a4kM","R_3MuHWM5gnFAahwf"
"172",229321438125234,"R_2ARWpxcD2tBg6mr","R_3lUpoBEtzy9drZD"
"173",229758454236304,"R_2AS87J6lireNMJW","R_2ghsWopwxNyadTb"
"174",229242295848169,"R_2Bas2WO0yoM9QdK","R_1OwNrBIiXECqoyG"
"175",229677069770882,"R_2BfYn1I2a51vRhw","R_5pvosAPSGgsbplv"
"176",229255658040397,"R_2bJDToiRAL3MEMM","R_seaXQMZjWZEuFVv"
"177",229166066821130,"R_2BnFF7O0UemP6bn","R_1KXEGN3b38r2ypb"
"178",229855351994463,"R_2bNQX6i4Gfq2gKY","R_3MxtBVkHFb0eckC"
"179",229937962964147,"R_2BqCqINqXblVi4A","R_3GvpTnsgO0dN7v3"
"180",229410207311898,"R_2bUdU71myo1l20P","R_3eagtAH5SJ1436B"
"181",229256171870273,"R_2bWrFPxwlUFwasN","R_3J8CArQnsceZPxX"
"182",229677069796587,"R_2c0CCOxpaH46dQP","R_9XkdSTL43hLrWg1"
"183",229320605952170,"R_2c57RvqIlGbiyW3","R_1gnF5xx7LiG6Ey4"
"184",229166066803864,"R_2cBDYRcdwlr6tJe","R_10xEptLaoi40BlX"
"185",229255657984125,"R_2Ce0NgCH6zpMRJb","R_300O2DUnqnIyEq8"
"186",229320605935718,"R_2CeJTzNjSsx2qQD","R_2YJ3yYatdij6rX1"
"187",229937963154540,"R_2CeRAdFGYdyKpNa","R_1rMMLys7a9QDlKp"
"188",229409893565555,"R_2CO2PyLQ0hXJVAk","R_PM2SPU5OqQOPebn"
"189",229410206789674,"R_2CWJaPOnrUPAZRO","R_1cTvFzZh8rAXZLM"
"190",229678093130942,"R_2D0HsJW89BCf2CJ","R_2tunXP6UyGFpYHU"
"191",229677069789327,"R_2dFLAg1r8gfesUi","R_2UVPhEcZkIqzMpj"
"192",229242450031736,"R_2dHkl1F6JWDWwxd","R_3dDFByZJ9WiRRnb"
"193",229409893587973,"R_2DMjCJGfAwhN96U","R_3D6L59mSw4oauWc"
"194",229242295791846,"R_2dmTN9FJIaj61fb","R_2aGDROz7N2AxH8J"
"195",229256171962526,"R_2dXrCgiGyoz4vxp","R_3O3nOZtgpHg6gaK"
"196",229678093404309,"R_2dyI7M4jUgDJyVI","R_2wt1y2Xbl9pcLpW"
"197",229678093236281,"R_2E0smvzVa5RkXjW","R_3Kwkto5OYOMGaGx"
"198",229321438308355,"R_2E6Tq5gpEy3lxsv","R_2EudHnKol1N7utZ"
"199",229166066799696,"R_2e8rPRQ3Tf6hpC0","R_3Pe0emppqE6grrU"
"200",230469411958921,"R_2EAdFWU1xsp70SE","R_1F95ZqBmJuJUOkw"
"201",229677069755550,"R_2EBhClLUXMckvNP","R_2fxg9AHWtBi2GBP"
"202",229166066789519,"R_2EEuiLLUQlAKcEz","R_ZKQs1KphaxQxIbf"
"203",229409893584066,"R_2EGABATwmRGCMaX","R_2zMd9bkt5QQ0oyj"
"204",229678093111417,"R_2EhFk9vlQYPpHee","R_2RaD1qLsjvheOt2"
"205",229409893572855,"R_2EhtC7RpoGqCbe4","R_10ZbpT2snlVjOtf"
"206",229409893598399,"R_2Ei8K9LjcjDieE9","R_3P7edDRGQnc2Fot"
"207",230469411962007,"R_2EiZqFF8frpKsNn","R_Wc9R39yolT7MThT"
"208",229242295744700,"R_2ePGhUSWhjV9inV","R_1QrpE21fw7QXXYu"
"209",229321438289110,"R_2eVHaP99y0kDK1c","R_2QYGfMYzAouv17p"
"210",229255657932820,"R_2Evp2buY7Uor84e","R_3G6sJVzV6kfEKOa"
"211",229242295744711,"R_2f7CBh1lJf4ruTO","R_3memv651G9uTAZj"
"212",229937962990809,"R_2fa3tzzYgAN6xyI","R_OwY0BjyA8AlUB3z"
"213",229409893580943,"R_2foMNPrTSlORSmT","R_3HnNy5J0bdL2Jlz"
"214",229320605935728,"R_2fuNpV3D3K5D2hH","R_1FDpeUrcOgJSNxf"
"215",229410206617741,"R_2hjRh8rlcPAgJEZ","R_2s1p24MNKJ6pXqN"
"216",229321437575305,"R_2OHnw7eiEYDNkMB","R_1g8sB1oxmSUbqac"
"217",229321437507604,"R_2ONqk47gdZJglgM","R_1mn6nqlgVzfC7By"
"218",229678093431933,"R_2OTofi6rpYevv5M","R_1gznfQwU0vN5Ydh"
"219",229677069786216,"R_2PAnGcUY9OHQY0i","R_9Lwbu0dX4GYTTdT"
"220",229409893572842,"R_2Pbst8kdZluDtvH","R_1j9BySKkUls71SL"
"221",229677069770890,"R_2PnuGLktFgYFVth","R_2P6WvCjxDtRXpfh"
"222",229242295843984,"R_2PwhR3qIr4XLkco","R_1rAhq8JtngWYhI1"
"223",229409893558495,"R_2q9IHqiHtkEFt79","R_1mw9V9ozzWi1LAn"
"224",229410207341703,"R_2QmmNeJLwl06yxm","R_UfM3vqPCw8zV58l"
"225",229242450009233,"R_2Qnsay2GAENyGmu","R_DvGNooOqCLbTfUt"
"226",229409893574678,"R_2qr4N1GYDyUsOZy","R_3Dv9CIgzor6PPpz"
"227",229677069755561,"R_2QrlEjdJybtooPQ","R_3oHgVo6YiH2NtEO"
"228",229166416660547,"R_2qyee8RYNHe83N3","R_1BnkeWb8Yt6wKJz"
"229",229678093141220,"R_2R1zKMVHMSfa4z7","R_TowBIbjzMvWm63v"
"230",229242295738453,"R_2rD5JnSOvonHkaY","R_22y2tZsREaqt265"
"231",229242295798887,"R_2rj8UoPO5LJwv1f","R_1JUrVGo4h0DuwTF"
"232",229937963517143,"R_2rjd6OSW7yoXCFy","R_uwVUl5YWIGbnhiF"
"233",229321438159066,"R_2rkonJe65fP5KJc","R_3LYXqMeVnadDV9q"
"234",229677069757653,"R_2rx5p2njpd38417","R_1odmUPPKrKX7yt0"
"235",229321437668352,"R_2S0OQ3IueOsiMy9","R_3KHlnf4QUvxSqJv"
"236",229409893571809,"R_2SAHXl8MohUbUiF","R_1pY7VZtwZ0xvste"
"237",229678093228064,"R_2sbx1HBRGkytKUq","R_1dH1iYOib9kW6Yk"
"238",229242449957965,"R_2ScqPeJlMLfKPBn","R_xaojQs1GzLg4Tol"
"239",229409893617680,"R_2SJPRlqQcQIOxkn","R_1E9U1jO9sggxQfj"
"240",229758454221926,"R_2Sw6rAOun21Rl28","R_1esHTNUUBMqaFT4"
"241",229320605976689,"R_2SxHYjyVP763k5m","R_qK6xhra0Jo93vON"
"242",229409893587987,"R_2t4EE7jZaISZD1M","R_2ZOinPgmmbRwYkw"
"243",229410206607464,"R_2tA4Z3u79YkHs3a","R_0GLAzLpKzb2dj0t"
"244",229242295779354,"R_2tbx3LZrOJsIeSD","R_3HRXDzTH4lYxD57"
"245",229678093440221,"R_2tgvC1GeI8QufUE","R_RFtxxKxqDaFLHtT"
"246",229321438343251,"R_2TKS87c4h8yApTA","R_1Eh4vp1pfF8GFJb"
"247",229321437941882,"R_2TMIdZbXG8NWhBs","R_1Y2iKkxsibQMHVD"
"248",229255657940131,"R_2TMKimcEcRwikm9","R_3e1TqdtfLQhf4L2"
"249",229410207067333,"R_2tqWuHdLJpCVjoh","R_3gYIjoJuMp5WMCS"
"250",229242450002154,"R_2trMR4xpeJTo3lq","R_2t9y2YhFbxge3FX"
"251",229409893576768,"R_2TuahJYuP8wtEj0","R_3hrrjVoBCW5aVLN"
"252",229409893618721,"R_2U3LCDoc3EnfZ8j","R_1EXckHTPL38e8I3"
"253",229678093386810,"R_2uEfXyZcIgJfUr6","R_AG05TbDyvhvnphD"
"254",229166416659487,"R_2UiwFRmg4DIHiHP","R_1lzB3yQwCXpUq1d"
"255",229242449969217,"R_2uO5XyabEbAk5mA","R_3nDcGHwLMBdULri"
"256",229242295743653,"R_2uOfXbC4McyIpk1","R_28G4qPGUAsKipWV"
"257",229409893552237,"R_2uyor5CnrGzVwLP","R_1C4mhyAltGnXD7Q"
"258",229321437541463,"R_2V3zus3Kt0huqKu","R_3MG5FAqJxElwWok"
"259",229166066786390,"R_2VdofypBJBuhz1H","R_1LUJuqInfZjP2R8"
"260",229320605953211,"R_2VmAZKeowsEAaKf","R_2v2Ea5eT240inrU"
"261",229256171754731,"R_2VO6QNbhe2MmBTA","R_2S0octCIzzOhicw"
"262",229678093313064,"R_2Vqd3pgSyhpvGMs","R_26f1OmYAyKKQTeV"
"263",230296025033849,"R_2vZGx1OZkobeeEs","R_2uOMTtyh1bXg9ty"
"264",229256171776032,"R_2wconsnovSxkAzJ","R_3exXU5InBRQRN4u"
"265",229410206696544,"R_2WD4pFUT3BApAXg","R_3KQ41GktMjIY1UM"
"266",229242295766090,"R_2wEo5iQXCYves2K","R_2DSan3zt5JS8l9P"
"267",229321437542488,"R_2wKp8LF2cWkXbfk","R_C9p6GTOuQlnneOl"
"268",229320605940935,"R_2WVeoVieGVEqdKu","R_yq3kMo5b5Izad4R"
"269",229242450008195,"R_2XakNPEaYy4jjwG","R_2OTucPfWLWySgbQ"
"270",229409893634086,"R_2xUYwPj1A03RCX7","R_2QRGPTuTFmph4Tw"
"271",229256171658438,"R_2xxvAFqyH4RVpzq","R_1l0RIyAa9CP5bzP"
"272",229321437719617,"R_2Y37hooYg88WmXQ","R_xDXbvT4HcZ1WQaB"
"273",229242450000078,"R_2Ya0u9hmC0kciFh","R_9ELsKDXdklSgout"
"274",229410206798905,"R_2YGt7n3mGj55f4P","R_3nHJa8W4XzoQbm4"
"275",229320605936770,"R_2YJM7Vy6fmCyYg3","R_3imMpTgiTh7IFze"
"276",229409893633038,"R_2YKaOUszkWKFNei","R_Tw1ucdf63mW2uel"
"277",229256171567352,"R_2ypy9ol4uFVDmgX","R_pMXDxYiOWN0mZAB"
"278",229409893574672,"R_2yqIknklBoBJSSa","R_24cprR80Slkcffl"
"279",229677069753462,"R_2zBiZ6H7AnnXdfc","R_20UodHACXAGHKfb"
"280",229242295749654,"R_2ZBtopiyki2EAhe","R_3257tFfOjV1jKwQ"
"281",229255657959433,"R_2zeYp2NsaPfHrFp","R_3oYG3dkZhORjOX6"
"282",229678093162569,"R_2zu5nbshAH7KEPO","R_331IDX0zbNRfPC5"
"283",229758454074603,"R_302jU1hKGFVorVA","R_RWADUC9j2nEiRYl"
"284",227471319859447,"R_3037BPovs68z8Wp","R_Ojo34qwq19Vpce5"
"285",229242449960062,"R_306ktRGjcuf9mZ0","R_2R3WdyyTBE50O4B"
"286",229242449966328,"R_3094TaB3sKvL10w","R_2m0qE3DQhkw5quZ"
"287",229678093101130,"R_30bK1uN4yIycFIn","R_1dm0mgLEerYlg7d"
"288",229409893616894,"R_30eFsgfHEfrbmWW","R_ZEoQmdhCQs4tl1n"
"289",229320605953205,"R_31i7s8usroAcZbm","R_pQ3F8eEC2ZsUSs1"
"290",229409893601517,"R_31i8IQNed13ckEX","R_2AQl8SZjeBihLpa"
"291",229320606000189,"R_31mjGicLNt7ZzRN","R_27eCE2XkQwLAAYK"
"292",229678093170793,"R_325AB8k9M8UQxlw","R_27dSC2bMDR9Y5Nq"
"293",229166416658456,"R_332rHLTBzW4o52Y","R_Z9rUDwY108FGHgR"
"294",229255657932824,"R_338DXYGYMn3iys2","R_3kMmLUhdgxfo5E4"
"295",229678093105251,"R_33kIUzAwPAa1yng","R_1mmFq3cx5odSSLt"
"296",229320605934683,"R_33wCNEarcW1Pj0m","R_3qHYqEwKsOQQyRT"
"297",229242449959017,"R_3CTa8fnOQGo2vNJ","R_vrkRIv7sYwaMm09"
"298",230469411984631,"R_3DitLG2nqStwZRY","R_31szBB0IAUEKR80"
"299",229321437701161,"R_3DjQ9uCmrnB5ll3","R_qVCnJhMYPvHRTjz"
"300",229677069834245,"R_3dNb89opyPCGv1I","R_128Yrk2hM6RVtn2"
"301",229409893573887,"R_3dSScqXqMRYGrp2","R_2EczmD5SwSzay4A"
"302",229321437515815,"R_3DtC6f6iRqHYWHG","R_1MS46DkDMSuh1PA"
"303",229409893599427,"R_3DuWsXOXRqlPJNe","R_299MMOiAM0CwBhl"
"304",229410206643426,"R_3dVWb8y2Jw8tFrk","R_27xmPUAjYoTlGbO"
"305",229677069768795,"R_3EA57iob7rXBswf","R_1f3YXfeCEsOPSlV"
"306",229320605949033,"R_3eavi4Grn0LOQQz","R_1q97VY7HVIAyFYv"
"307",229678093260930,"R_3ebnID09JFlJTeF","R_2t673KXh7dRiqrM"
"308",229242295759045,"R_3EF4W42AP3JqbNQ","R_2woYgEWJfj0UZPI"
"309",229166416663673,"R_3EGccqupxv5YC29","R_31gXaeWDD8YXO0m"
"310",229937963274473,"R_3egCMFrdwh16DEi","R_2xRFAHf3m984KjF"
"311",229758454067427,"R_3EhflsDKTC83CQE","R_3m32qTstvhmJ84V"
"312",229320605936763,"R_3ek309VHljstLtw","R_2QtcKsYZWhhqqjS"
"313",229410206775296,"R_3em2IQx1ybTeZrd","R_21adMr6FTICq8w7"
"314",229242295738457,"R_3Emuny9GTE1FmCf","R_2dKehFZ6Q0ZuvKP"
"315",229242449960063,"R_3ergTTY9rUQZYUY","R_1LexZBYJhPpiZjV"
"316",229678093098051,"R_3erVxLye9zFQbKQ","R_Cf4IWwVU2VjiRI5"
"317",229320605945902,"R_3Eu17CSWhkIYwbv","R_1FxPHFim5fqJQQ6"
"318",229409893559298,"R_3F51HV2oo6MXsOu","R_ps0do9IuOyRiWQ1"
"319",229166416658444,"R_3fAW9A9PUOTPSRY","R_1mltiMTeFeXLWJB"
"320",229166066770991,"R_3ffPXWQN4a5pytn","R_3nAgm8GpHtzVUDU"
"321",229678093336703,"R_3fiTHcHYD6kYayJ","R_2th9gAtAIbanbIK"
"322",229255657931784,"R_3fk6vs8uR5E62Lj","R_2THMWSSD3Kxxxy0"
"323",229677069801542,"R_3fOb75fcNvI7EOb","R_1loWPZTW4yf5XH7"
"324",229409893551197,"R_3FORg56rf1EKsyC","R_1mUwQ8WDbVXY7Bc"
"325",229242449957957,"R_3fpCT6vXz1qo6e5","R_aeM2kI1j8xc8YzT"
"326",229678093326426,"R_3FQecw6aCDx1shm","R_1Km3m54TPU3JKM1"
"327",229409893590069,"R_3fT913iGhVJfLu9","R_3fV6xhcxV8bOpff"
"328",229320605938843,"R_3fvpEgn6pnVLrgJ","R_Oa2I8oxbxmFJgWd"
"329",229242295775457,"R_3fW33TCtP6kVx1T","R_1QltThrqzdt4ppe"
"330",229255657931005,"R_3fxDHe5zipJwTU7","R_2ROlNuBvXLmCi1x"
"331",229255657941170,"R_3g02bcIpWgCvGPQ","R_3L7muBEyUDuUPvc"
"332",229678093439187,"R_3G1dEpQidltZ7UV","R_2yrOKnTx9VJIJYc"
"333",229409893563467,"R_3g5brc9bkrNMBRO","R_3IXfO6cjcY5pjY5"
"334",229242449970265,"R_3g7PdyeJYmUqgqL","R_1rP3xwHOfSB3Xfm"
"335",229242449975493,"R_3G8pt8Wr04bbf0j","R_3lQDx1cB3wc76j8"
"336",229678093284551,"R_3GBUvUfh9Q3gNlv","R_3Qy41xx43VBVI2J"
"337",229242449961107,"R_3GE294eZpd1Fd3b","R_9MQsh0tELQM4X1T"
"338",229166416666812,"R_3GfFGdrjJRUqybx","R_3soja05ifxsWkQq"
"339",229677069779187,"R_3Gg0rh96RhxMnrW","R_23eQRGUU63p5ape"
"340",229242449962151,"R_3GjRdkDUeZzBSiE","R_2q8jjB4POrxng1J"
"341",229166066778296,"R_3gXXt1W2K8Pos3x","R_1Frcm9brNvhVz0E"
"342",229255657958647,"R_3HAg4bflYU3dIBZ","R_2BerMsevklfK0C6"
"343",229242449970251,"R_3hbHzzIb2p5LFeV","R_yjvkrUjn49WQFHj"
"344",229321437763714,"R_3hclMbURMmsEgfp","R_2QX1hhnet3fuiW3"
"345",229409893551190,"R_3hg9rxVP0W2bBdv","R_d5Svv8gnZ7XR1PX"
"346",229677069783101,"R_3HXooKTTwVg4kvF","R_1LU8zd8gVQJ9Ymv"
"347",229320605953210,"R_3HYp55D45PFLzNr","R_1pWi3TQiCGOmyri"
"348",229242449972339,"R_3IbFB1uZogY5uRE","R_1LuhzYh0vCqcqBC"
"349",229166066823206,"R_3iD1T8NlCZIuSSn","R_wKMS5f4HdQYL8Zj"
"350",229409893579895,"R_3iOMuOrAkAbtEJ2","R_3PMmGs7hhZ3d5jS"
"351",229242449982547,"R_3IQALOx3VPabIO9","R_BremVIKM3Mz3PEJ"
"352",229242450017359,"R_3iRaw3Ijg0YgqDl","R_3gXFwb5Rj3GeayC"
"353",229321437737054,"R_3IRbzcUp1vk5qmZ","R_ctDsV86N4F35z6p"
"354",229409893555364,"R_3IRfQog8wLv6Z2l","R_XOg10LwL1qoLu25"
"355",229678093384755,"R_3isYhi6yhVinQCi","R_2qlSogoBK0vIz2z"
"356",229321437554799,"R_3ITeahDbcDVDfZw","R_uwsz0gXGHX7JS5b"
"357",229937963228341,"R_3iUSBNvBL2gkwBY","R_2AFo5duAc0IHQXg"
"358",229255657999471,"R_3ivSk5kamR28JsF","R_1rPu8GlUfBUaT1f"
"359",229166066809875,"R_3iwZiFBbukhyafr","R_6s6crm2aG0TsoBr"
"360",229242449967117,"R_3IYJzRZcDP54Yp0","R_3018SSHXTKbMgat"
"361",229321438291162,"R_3j38lHPlwwyS4X2","R_1dyNNy7i0IogXjW"
"362",229678093331563,"R_3jebqMrrxWLoj9G","R_9XKo56LagUvx42d"
"363",229409893555379,"R_3JeLqCpCZJ4m1X8","R_2s1MfU0zDpR0Jca"
"364",229855352130795,"R_3jfFKwL3nFTv5jm","R_qQGtOT7apnfrtvj"
"365",229409893563468,"R_3jfzT7WP5HxcBKx","R_2RVM3Ml3yrbHgEd"
"366",229855351959799,"R_3JgBBxNJzTEfspb","R_3rGmsRvbFb1g0f8"
"367",229321438363760,"R_3JKoDCr9qlPtI5O","R_1QlrekUmzTk0Wbq"
"368",229256171972822,"R_3JpYYmfMdkuZ36A","R_3sz7qUavyfVdYmv"
"369",229320606074103,"R_3JsmifnazgApI1d","R_zf0YMptxHj9kGVX"
"370",229409893574681,"R_3JyOgimkBE8Gpjf","R_8crnxAqp8zqKv2V"
"371",229409893589020,"R_3k012OMZ7fqwMMC","R_AGaw5ajbGRzKpwZ"
"372",229256171858967,"R_3KBbO4HrzSQov8h","R_3qatyGZwQtBLs5f"
"373",229409893580933,"R_3KBneCX9IEzrDZP","R_2B40DDGZ80mBEbc"
"374",229166066780404,"R_3ke5ZDJpQBX1C0j","R_1IGfF1abpdkWhLy"
"375",229677069777128,"R_3kHyP1LthBjvzfN","R_d9Wr6T3DLx5oFd7"
"376",229255657934918,"R_3kiAUePCg8kLR8i","R_2VxLGUSM0lfPof1"
"377",229409893566597,"R_3KoN0ess4bPK8mS","R_2aCzseQ1RcQVYH4"
"378",229166416667853,"R_3KSWg37wet3GUTw","R_3m7AJOItrFHHcFB"
"379",229410206856398,"R_3L5dKXTyGrFzFXF","R_TjiLF7QjzZx58Ax"
"380",229678093158445,"R_3L5PQsiTJgy6Y7j","R_2ya14O4rS4r6z6L"
"381",229242295753826,"R_3lGjzJeCRnEeWYp","R_2v0yEORbEoaCcvW"
"382",229320605936759,"R_3lK2ZaE2Fr2bjp0","R_1oj0iGwz5gWx4EM"
"383",229256171733167,"R_3lWWBqWRXixfnYH","R_1OOwSBX7GRf44TF"
"384",230296025317508,"R_3lxk1s9I4JxWjBb","R_RFF8tBoS3es1VRf"
"385",229242450025714,"R_3m1oTqlV5Yjzzl8","R_3EgThIVtlqB8ZFN"
"386",229410206693467,"R_3M4MHlRF1yGgnV6","R_2rAZ1Ka3wuVKPBW"
"387",229255657966698,"R_3M6iivw99fLhS17","R_2VsQH2SgvmwEvPl"
"388",229409893570762,"R_3m9PmtY3H8o50hi","R_2v16SgaYMHNBq6S"
"389",229320605949038,"R_3maauwgeLmyIafc","R_1F34b5Sc8PY9Agr"
"390",229409893639303,"R_3MALkdLiaRwrGpH","R_2e4CoHK76vvECIM"
"391",229320606066792,"R_3MbV6SP27Eiit2Z","R_2rTwpwnzTaksgxl"
"392",229242295750704,"R_3meiD2BanwaGxyW","R_bmdU5AFsEXGtKqB"
"393",229677069760763,"R_3MflwzT4T2kJUka","R_vHoduaMDXqcc6RP"
"394",229256171601985,"R_3mgY6Y0UIN2HyQ8","R_ujE7f07IK4OOVxf"
"395",229321438312457,"R_3mIZQ7fAUEXJsZ3","R_1K41lGNotMQuaYo"
"396",229409893561373,"R_3mJcyAkG7X9Gqel","R_3fZs2X9Bkox4pig"
"397",229409893587194,"R_3mk3CS39VYERPJn","R_1NgER6kVSAaUKmK"
"398",230469411989522,"R_3MK93DIT6IwDRoX","R_2YQxuPlsGNs1gax"
"399",229855352035555,"R_3mmgNPJTsI2HNu0","R_2WNnfEbzmLI06mJ"
"400",229855351995491,"R_3MPu31AzdohRMko","R_1hYcEowvUwVWBqw"
"401",229678093440224,"R_3Myrqdw0pzbDQkz","R_2xS2aNnxwYu52vT"
"402",229937963399296,"R_3n3tEncCO9Vv2PD","R_1jZcZ1S8MccWXlw"
"403",229409893556412,"R_3n7ordFES5aQFbd","R_1qX9y9uKlkCAb4j"
"404",229255657980998,"R_3nDwBXPS5qRtTye","R_2ZTsNN6kZ9cVYHV"
"405",229678093312036,"R_3nGzUm4aNDYJiLY","R_xhgwIdsmKhptaSZ"
"406",229678093302790,"R_3nH7erFm3FlZqRm","R_2bN5F89p3dp47h6"
"407",230469412011106,"R_3nkhpGIGldYlgAR","R_1OZvYMVO8FhOvaF"
"408",229321437547620,"R_3NPSVGia8j1wETu","R_2WCGRS3itljeTiz"
"409",229255657942213,"R_3nUc7oJWOKlnJBV","R_1RJFm66oU5fP5Qt"
"410",229320605935711,"R_3NWHzCjCutDhTbe","R_331Q8LFmRVzV6sG"
"411",229677069754505,"R_3O33BxctPZwg2Ip","R_xDcHNv1rrVvbX7H"
"412",229678093165654,"R_3oAPxeuf0OCltUD","R_3GpNBQ5CgxNdsMz"
"413",229410206863586,"R_3OcYunjrJOatDOG","R_1jMMgQWaTF17FdD"
"414",229409893640352,"R_3OodzFvOU2GqQkk","R_vB80xHW2znurhT3"
"415",229409893551200,"R_3oYGk0oFoKvLtzl","R_3QXeVyZkmzNceBN"
"416",229255657957600,"R_3oYpTt5mP3Z4rKn","R_12EXkLuWI7zwqvD"
"417",229409893562422,"R_3ozNcUtSC2durX2","R_1n0hU9OFnulf6DQ"
"418",229410206629043,"R_3oZsyLJXDsMjWiq","R_1o59gPx3PeNGzjI"
"419",229321437762688,"R_3p4MHNZFv2QytI8","R_2zcJgAqnxH8Y4yS"
"420",229242295740534,"R_3P5N96tlMTxv2SB","R_SO7m43ZdxE2ch33"
"421",229256171951216,"R_3P6nIX6MCWT2rpO","R_241nEMMdhWumQoO"
"422",229320605973564,"R_3P7RzAy13Y0ZyPe","R_sYjZgSboOQLexah"
"423",229855352053806,"R_3PcaIkbjoodjNKU","R_30kjJ6aflGnLwCZ"
"424",229242449961112,"R_3purN895nsgKcPM","R_3Jx6MbfEXTvKxDI"
"425",229410206658574,"R_3q87cmTulglHFwQ","R_268x0qErskNtjpo"
"426",229166416689292,"R_3QDbKyq8ExtSrh4","R_3QQyZQp3jw4DK0T"
"427",229320605989990,"R_3QGIueGaks8cgn3","R_1Eag3xMoE7wW18J"
"428",229758453977189,"R_3qjukVIGc9vju6U","R_3hg7VuBZdF9ke2k"
"429",229321438104706,"R_3Qo4RcpLrzI1Aul","R_Dq0pgiK5mRsKU81"
"430",229242449960057,"R_3QPeNwrbrNbvdfP","R_29uhdl1Vw2SydD1"
"431",229166416659499,"R_3qpx95XzcwMK7Id","R_3mjBG4EWOAh2zPn"
"432",229855352122474,"R_3qrrZIPKi2hix0x","R_28Gxw9vDZkw4AFl"
"433",229320605954251,"R_3qUld2GTlU0xNRr","R_DSl3zFkJVpw7StX"
"434",229320605943020,"R_3qx6ZwB18dmIdlO","R_vJPYL8Dz1HYmpb3"
"435",229321437509656,"R_3r21G8Nm7RsHkc0","R_3pik33O5ERDcnHu"
"436",229242450029643,"R_3R8wRWQYe5SZdbT","R_cBDbI624h84mH4d"
"437",229242295855225,"R_3RgO5GN0KthHTX2","R_BA5f3bgdhMyK6Rz"
"438",229242449964248,"R_3RlUrzOB5KhraCa","R_22zBwIlTw6hKf92"
"439",229410206661654,"R_3RmBbtpwmG8GnpU","R_51PkHufroAjUffP"
"440",229409893553285,"R_3rPydNfjakAlFnL","R_3lFcUWnw4BZ5vmK"
"441",229409893592158,"R_3rVglKGmU72rokw","R_3NUFJAjAEqShdxY"
"442",229256171636877,"R_3s04VQwuwiRt0e2","R_TnJKPfSngzfmYhj"
"443",229256171835582,"R_3s6qPNlNN0k4mS0","R_2rwInOPZ1KueAnO"
"444",229256171582508,"R_3siQFVhDI105wbQ","R_3rNS3W6jWnb4XA4"
"445",229677069757642,"R_3smqZ13umEbseql","R_2AHkbMeJiEZwITa"
"446",229242295765044,"R_3smrwM5ZrCpylBz","R_27jyk5bJ7c5tTIw"
"447",229678093112449,"R_3stNQFQ6wYJItgN","R_vOUVtIULfb961Kp"
"448",229410206632128,"R_3UJccoWYQtbscJX","R_1DSURcJvOpaPjL4"
"449",229937963061289,"R_3w0BMiOH7kDSo6J","R_A0evhkLCvzpJ2Jb"
"450",229242295752786,"R_40dNrMPFaOtEmbL","R_Re625Ooz0OYFtXb"
"451",229242295739490,"R_4O7bW4HIAb2vxxT","R_2WTlibDKLH1wBQv"
"452",229409893563459,"R_56b3rzqNRgjfHXj","R_1FFDYiR7B3bxAQw"
"453",229678093166682,"R_56fnmbvJywu4sKJ","R_3HFoTLJEFC5wC4x"
"454",229242295756956,"R_56ZOo15E4R2qzOF","R_2SHzrbVeMibq1Gl"
"455",229937963303953,"R_56ZTAc0Vrn5PXLr","R_XMrlfKuFlmyYBMd"
"456",230469411967151,"R_6DpxhlmL4FDsp0J","R_1QcuoKglTc1aR2c"
"457",229320606006452,"R_6DwJDuYylAf74sN","R_1pQXa06zhttQ2QK"
"458",229242449957958,"R_6FLOIM9YoMkt9Jv","R_27PatKwP1D3wBGB"
"459",229321438315541,"R_6KfWCtRpRvT3ggF","R_12LqzQngtlo94Le"
"460",229242295831746,"R_6SEE2rNUQKx5itb","R_10r8rAWRBrcfRNn"
"461",229256171549895,"R_6tYWl75MHmR54KB","R_1Cl2SebPQbOFhuz"
"462",229410207404169,"R_6W0EW3x1y8fjSX7","R_wNNGSTRMiJnLG8h"
"463",229678093414635,"R_734AAwGylkq2Pe1","R_1pFFiHfQdEkz93a"
"464",229409893583024,"R_78wNZOEKbYNeMIV","R_1Q3M5DRW0wNEKbT"
"465",229255657949260,"R_7ajpMxoVpAYR3cR","R_31d46rHYvYh3VrS"
"466",229166066833639,"R_7WGFlGsDSnQRpmh","R_3s6Ss4gsg98OQGW"
"467",229256171968702,"R_8iBn0zQMI1dvjmF","R_2S2hLsZH1WfTg51"
"468",229320605962358,"R_8jJinnm0a4ic5YB","R_3ZQS1UkBxvCaDwR"
"469",227471319859444,"R_8q6n1RRt6MyyXex","R_tE6MoKzmZtjFxD3"
"470",229320605949036,"R_9AWvGT7rU9cKGxH","R_06dMV3ns8Oso0fv"
"471",229256171770896,"R_9SwDxmdVRzn9FdL","R_3FRKYX9SsnpvlPA"
"472",229256171707512,"R_AAHKZ3vcmf71Pjj","R_3gL5PLi3c3Tyn7l"
"473",229256171552970,"R_Ab6UGDbmjVtu3AZ","R_22re08dv5zyt3zy"
"474",229321437924448,"R_ABDhvhN4xo1jJFD","R_vwBxcGO3XV6CNqx"
"475",229256171951214,"R_Ah2SgjKYfhYCFzP","R_2dg3EfUOU09B5o4"
"476",229678093261955,"R_ah3CqRoRJKXemNb","R_1FET35ZNzpaPbdF"
"477",229242295753838,"R_AHYq3fKkaHCcbWF","R_2cnEXR8WCTUWKDw"
"478",229678093358306,"R_An6PzcN4iqwNczv","R_2q2wBpEDDTOLQAr"
"479",229242295746789,"R_AomSIyMtDd4sOA1","R_2B4jgxePdmcIg6a"
"480",229320605934677,"R_b2ZcxCwv0pAfl4d","R_1PT0N7jE8CEe4Om"
"481",229242449956910,"R_b4uyOv2omR0cmf7","R_2dWss8mIevBNbql"
"482",230469411956853,"R_ba4nkvzYlW6JNIt","R_3XeseMFKEK1HLwd"
"483",229409893557466,"R_bmjQH4KlClbZu7L","R_2RXiWR7wst6Q1iP"
"484",229242449956920,"R_BP2EFUxic96I9z3","R_2PnvZ3t3ESLuuRg"
"485",229255657936997,"R_BVtq8zZtCjE6BB7","R_1g0codRo4a9OQoO"
"486",229242449969214,"R_BWcQlGznhrP7sMp","R_1iqZeodTGsnoO71"
"487",229320605936769,"R_bx4MDwAhY2SADXr","R_PO4Wl2GCAwaZpXr"
"488",229166066778312,"R_BywDqqxLxP5MOLD","R_3Oq241l7XqxA9WE"
"489",229937963436224,"R_C9T1efwFZ6VT9Lz","R_2zx96JsJgGlf2Gl"
"490",229409893570768,"R_cGcZqyuNa9pLbdT","R_3EFEwrUIE8Kac63"
"491",229320605946949,"R_cOX10zgwNe6cpj3","R_1mqjuQbjSc7zaz8"
"492",229166066833642,"R_cTN0cTJ7C5jMipr","R_2S8EuuoWZ1zlEUd"
"493",229255657937001,"R_cYIwKezOfDVVChz","R_3hubsLzXrSdsisz"
"494",229410206636238,"R_CZAnviMtBE31HVv","R_BWhUQvzCcNKa6Fb"
"495",229320605974599,"R_cZILximj914t2mJ","R_9G4jTq77unMeLkZ"
"496",229242295753832,"R_d1lzcWcat1nY2jL","R_2PcWpDYMkGdiWuA"
"497",229255657930998,"R_D8X8cKEgvvYgB7r","R_ZDBtgQFafDprwXv"
"498",229937963021321,"R_DA9FaF7eBDE68E1","R_0wTi4jmliqouWu5"
"499",229166066792658,"R_DAy13Qg9X0yju5b","R_2ZQvMICyBHJJC25"
"500",229409893568695,"R_DC2Y31RhrgXdq2l","R_2aFwdSvQ5kee5F5"
"501",229242295779358,"R_dcG4YHz0cKrEHO9","R_zZ23lmI7gsSWtLr"
"502",229678093430898,"R_DcnnxSaLoAkL3rz","R_OCI2HeR32mrC0fv"
"503",229242295787687,"R_DeJW28g6uMydLeF","R_2dztNeIeNilgZSd"
"504",229242449962145,"R_DkjeeoSb4uJhCZr","R_Oy85Q1DqMYq5jlD"
"505",229320605938856,"R_Dl5ozsei0qGHLbj","R_3n0pwsbo2rmd09H"
"506",229678093212685,"R_dmnxzIsmPDooyOZ","R_1FsrFDQpo9ZXqH5"
"507",229678093412574,"R_dmTENL4WFRAmWml","R_2CwZWrVSNkvn7hm"
"508",229678093438137,"R_dmyfvnVwZSS6qCR","R_3O0UASSJuVz1wKV"
"509",229256171609167,"R_DNRyhi5gcPlwDRv","R_11Xg8JyRKok3DIm"
"510",229321437681681,"R_DP6oaIAjatZuWKR","R_2qvzPowbEHSePSC"
"511",227471450957862,"R_DqafDJUij6pOidj","R_1oqkBndhcpDZMqi"
"512",229410206981135,"R_DSELwlHLoyxJU2Z","R_2uyAjmplIniR3LB"
"513",229678093252715,"R_DTxi23dLWEU3Lm9","R_2YmNX6Oye45BteD"
"514",230469411954784,"R_DUAN8s8VqapyYCt","R_1LFmb4Bx13gTnD3"
"515",229678093298939,"R_e4N6cNACFRrujZf","R_3Pq4dwxmvP7IV7W"
"516",229677069762575,"R_eEdxNEPfZcUq0Y9","R_27TNjzQrRpz3JWy"
"517",227471450945619,"R_eFZQYTp4gO6YksF","R_2qw808RHTW32LfJ"
"518",229256171818133,"R_eKWYsNTk180LbDr","R_2eWgxkI1ZcLlACS"
"519",229242449955883,"R_ePRcGNZrHmqLnz3","R_3jd276FCkxUx0jk"
"520",229255657939099,"R_eyRlyv0mGo9RljH","R_2YLoY951ZogozTf"
"521",229242295749665,"R_O2OqQdFdyDL9OwN","R_2S16EzuYSfQHKX0"
"522",229166066770993,"R_O8b53p7xh5bwplT","R_1mPZTN6F4Yrwu6f"
"523",229321438075977,"R_OCnbvgwnPODfkGd","R_73rmQ93Q7Rd36mZ"
"524",229678093198559,"R_OlhgC04azJYZ9qp","R_9Yp1rttWTLA5JjX"
"525",229242449955882,"R_Opo4165ngCwoCwF","R_2XiIXFvRQQWAgP4"
"526",229256171712646,"R_Or1AiWB4eJhjZpD","R_1KjR9tFAM9YeB0x"
"527",229409893600486,"R_OwXTYGT5v9Kwh0Z","R_2CJps0uBujnODbe"
"528",229320605966522,"R_PAtIMaxymCs5uQp","R_u2FMkjFxEZa71G9"
"529",229166416662627,"R_pbbiWuR68CLd12V","R_2VEBV1FZqbQzJh9"
"530",229242449963203,"R_pnGgcITh1qCIByN","R_2En7dxb8PY0sVqa"
"531",229255657944311,"R_pPH8REPLpVM9lAt","R_33DNS6quldJesE7"
"532",229409893561381,"R_pQrbEXhp0JUxzQ5","R_2AG1H1VH5t5XhR1"
"533",229321438161117,"R_pT3EwTuf1SxdkTT","R_33sDgCJtJ211JGG"
"534",229256171660490,"R_PtRAPkXLYtVoPRL","R_1n1JzBYizsP8rTM"
"535",229321438035199,"R_PZZ2h2sjqA2zIdz","R_stC3dwfSaL6cLBL"
"536",229242295750705,"R_Q9A5nzfd3fY5DsB","R_xsZKooKsEADYt8d"
"537",229320605941974,"R_QboUij4etgUFkrL","R_ukdmrVJpeMHneX7"
"538",229321438164192,"R_qCSrsgKBELjoqFr","R_1i3WThj1PPLv7sg"
"539",229409893559548,"R_QhTYlHh4BjieNG1","R_Ab5K7H4yk2GvGPn"
"540",229678093439181,"R_qK1zOTwMlZ8NCOR","R_tWWP8sTyFYX40tH"
"541",229678093431930,"R_qWboZA7SfPjsI8N","R_2tAodbyDXek1lmO"
"542",229410207337591,"R_RDKEg3cbejfPs8F","R_28CZFXMZNeee8Tb"
"543",229320605938852,"R_rdw8w7IoZs4Xvod","R_3ku0qDr8bQu8PFW"
"544",229409893610648,"R_reEFFdzp0pypgY1","R_2PAMXQWMnCShnhv"
"545",229677069757645,"R_RkjQBLarFrYu2hH","R_2uInyNC7MnrJsWt"
"546",229678093404311,"R_RkNj7zIK81KGgMN","R_30bGOYP8zubfggO"
"547",229255657970831,"R_rkYd49GtMfFH5vj","R_12rpjjaAH22b0AL"
"548",229320605937798,"R_RLAVaQHCHLgHOhj","R_C15NoNUfs7onvvr"
"549",229242449966332,"R_rlGxezzTYyQ1dsd","R_bkklTWAEx4yeNhL"
"550",229242295830711,"R_Rlx1D84knvb3saJ","R_24FPzaogsJl5Oao"
"551",229410206924938,"R_saEufT8Fz6GNleN","R_3oTxjZRLervWm86"
"552",229677069804668,"R_SBozdhH6aNgsCe5","R_31nkaGKfULADQcy"
"553",229320606075132,"R_sGtv3I6l6YZ1GU1","R_cJf9ziUSdIAPBv3"
"554",229678093268122,"R_sOmW6gSKvNJ5Si5","R_9Xgz23SK1HLZnWN"
"555",229166066768915,"R_sSR9IooKusigb73","R_3rS4w78ysOQsr12"
"556",229320605955296,"R_ST3qQDWH8a2Z8wF","R_bJaH8kg5VUNEozn"
"557",229242295780393,"R_stgdPaExzIsFfRT","R_elmKlkvTJ0sBMPf"
"558",229409893573634,"R_SW8meRihHCg4Ty9","R_sBWpaqbVldDifhD"
"559",229242449961111,"R_SZ8HCt2oohfoGEp","R_xfjqA81JKACqddn"
"560",229678093210632,"R_T7oDEcrvfbIAgQF","R_DNPrKhvZCScA1eV"
"561",229410206664732,"R_TkhXPO6S8FurRMB","R_3KpGGIpTCeV26Qq"
"562",229409893552235,"R_tPLRXslSCSIIrAZ","R_3rUHdtjaXvtIvz2"
"563",229242449965295,"R_tWjlJgTTfxF3Z85","R_1JFb2GboLo58HzV"
"564",230296025094160,"R_tZ0bYpiNyMj4pt7","R_1jIJHh1689WJ1Wf"
"565",229409893597348,"R_UAdBCN4Yr8bSg6d","R_3oACf4JerntqzmZ"
"566",229937963133014,"R_UAdT6lmfGZMm2s1","R_3hxUPG9N0GYg3od"
"567",229320606027862,"R_ugMJIMUpAOB2oUh","R_25u0Sp2GchmKqpa"
"568",229166416656617,"R_ujLqmiC73EyREFX","R_Dk5989wZHXlEzct"
"569",229256171743437,"R_UutbqIVKMY6CypX","R_2X4FuYhXmC8ywIK"
"570",229678093212684,"R_uw85ACVWObqwt5n","R_3D8h1NrjCM66rpq"
"571",229256171950188,"R_ux34WUoxkXoCzLz","R_zZhGQuBwm9PKEEh"
"572",229255657931781,"R_vBpjBVWxgHwdR85","R_yHAHJFquMBmsUEh"
"573",229678093381676,"R_vk2QpnGK6FqBB0l","R_2vZhhzJLS8XEt1K"
"574",229409893569726,"R_vkwQtf0JK6KmhZ7","R_spYzqIGhHy1QNSV"
"575",229320605944858,"R_vOJ77WLNm6DJcRP","R_1hN2fFHEfAEgcbd"
"576",229409893614812,"R_VOwxgwGF00EjgMV","R_2zD6fkfpFXgQBFe"
"577",229410207373567,"R_VQFLZEC2uZrS2vn","R_1j7oxMkWVP5NSpt"
"578",229321438291163,"R_vVnQq2iaaEV95jb","R_3JedFD408eCUXoU"
"579",229409893589023,"R_vVRnuMRGprX0NG1","R_2uFsFqQJzrSQ0IV"
"580",229409893622879,"R_vxm08CwJ1qMwza9","R_1CjS9gr2pSxsjzJ"
"581",229320605968605,"R_W04oq5ANrIn86XL","R_CjiJQujMse9BbvH"
"582",229937963317277,"R_w0jR8UNaqCDVHXz","R_3KJHMzL3J7PD1Ha"
"583",229320605935709,"R_W6egCtuD4qEhQit","R_20Zr66Ok0cO2lzY"
"584",229256171575321,"R_WdOv7WjyReZ2Izn","R_3JdS6G2oeyURtlh"
"585",229166066788475,"R_WfbcOa4R3TKEukN","R_eUJ7b0qtFajcHiF"
"586",229166416673876,"R_xfnvdWOK6OtEIBb","R_1Ff7YEINWKKGDH6"
"587",229320605937806,"R_XodnNQgdsehAQBb","R_2rwvaT72ZJEiKlI"
"588",229242450013428,"R_XUiFn3Edf8V2FBD","R_oZRgNtKPISTf8Qh"
"589",229678093102160,"R_XXRYu9bNC39zVXX","R_3dG2OSaM6IKem2B"
"590",229409893585116,"R_XYxPFlYL5u6ZaRb","R_10rCK8WbpwFbUPC"
"591",229320605950073,"R_Y5okMSloOk3HkCB","R_1oniO1xKkANO7Rs"
"592",229255658041449,"R_YaxFNmBVsljQcN3","R_pbz6lXYpu64Zyut"
"593",229242449960052,"R_yBZ7U0GXRh2cYxP","R_2riOlz6GykyQOSK"
"594",229242295745754,"R_yDu5FSL1xttI8Ap","R_2WHAkr9jjTRTfWF"
"595",229256171906265,"R_yPjecBYgKLBuysN","R_25HpnGCVJmRDJeN"
"596",229242295738458,"R_yUWSmPkKkg62fJf","R_1pF3jLkb5kuiHLt"
"597",229409893616893,"R_YXjZQPKE3SPGePf","R_2pWDY1aVJKk8Eky"
"598",229255657965656,"R_YXN6D7S6HtYGyCR","R_1hQEo3eSrkO8U4m"
"599",229255657951349,"R_z0CDhN9620Hiv9T","R_1LtemN8EXM5ZUBN"
"600",229321438287057,"R_z2OjTI6ALu00OnD","R_1QrwLMIn7K2GhNN"
"601",229321437994179,"R_Z9veagVYQlL0vrH","R_2YEre5bJYfgYrBC"
"602",229321437584534,"R_zdHs0uya0KljHEJ","R_1fd2J5yU5aMILdN"
"603",229255657966697,"R_zeY2QpcRAsD3WlH","R_1hPRfP2ZEnVS9MR"
"604",229166416662637,"R_ZFcYjQPti4GmnId","R_3mAe9TEtmdbknbb"
"605",229409893611678,"R_ZfTrmuWaeRQvyQV","R_1CftvhEnlM7DryY"
"606",229678093131973,"R_ZK76CrhFxQDLP21","R_1ob4JLq5bEFQZX3"
"607",229242449962154,"R_Zn3GcTpFo5aOZLX","R_2e5tMsjqS8r894Q"
"608",229320606061811,"R_zUaNyZkkwGn2pcl","R_27UbqIBbAAvXtnO"
"609",229256171569156,"R_ZwTzFkXwgh0Fzyx","R_1DHhLExORVUMSTn"
